o_date,min(o_price),max(o_price),avg(o_price)
01/01/16,523.0,850.0,634.6268123626709
02/01/16,523.0,850.0,634.7567501068115
03/01/16,523.0,850.0,632.9722780638103
04/01/16,523.0,850.0,633.4758596238057
05/01/16,523.0,820.0,630.3763872700353
06/01/16,523.0,820.0,630.5771337890625
07/01/16,500.0,820.0,628.9930344154095
08/01/16,485.0,850.0,610.5585550944011
09/01/16,500.0,850.0,607.805157858228
10/01/16,514.0,850.0,609.0458005948831
11/01/16,514.0,850.0,609.6244691790956
12/01/16,520.0,885.0,611.56695600869
13/01/16,482.0,850.0,608.5577135358538
14/01/16,482.0,850.0,607.4782518506884
15/01/16,482.0,850.0,604.2595073001486
16/01/16,482.0,850.0,604.0463888380262
17/01/16,482.0,850.0,603.0355157260237
18/01/16,482.0,800.0,602.6989102525775
19/01/16,509.0,800.0,597.7037480672201
20/01/16,509.0,750.0,595.4843050638834
21/01/16,491.0,750.0,592.4365272521973
22/01/16,491.0,750.0,588.1962743298761
23/01/16,491.0,761.67,584.8811630876097
24/01/16,486.5,761.67,583.4565745314507
25/01/16,486.5,761.67,581.1962587525245
26/01/16,486.5,750.0,579.6490719018393
27/01/16,483.0,800.0,577.4321852930334
28/01/16,482.0,800.0,573.9486184371145
29/01/16,460.0,800.0,572.4901310540492
30/01/16,460.0,800.0,570.6496069415722
31/01/16,458.75,800.0,569.4303919972937
01/02/16,458.75,800.0,571.210199584961
02/02/16,458.75,800.0,568.6370206921306
03/02/16,460.0,800.0,567.0635998535156
04/02/16,460.0,800.0,563.9547018089041
05/02/16,455.0,750.0,561.5552003987631
06/02/16,420.0,750.0,558.727417598497
07/02/16,420.0,750.0,556.6766678873698
08/02/16,420.0,750.0,556.1374666341146
09/02/16,420.0,750.0,554.9241891809412
10/02/16,420.0,750.0,553.5654850006104
11/02/16,420.0,750.0,553.9452815525968
12/02/16,420.0,800.0,550.8683456311123
13/02/16,410.0,750.0,549.2388048314336
14/02/16,410.0,750.0,544.9027815510456
15/02/16,410.0,750.0,545.3652938393985
16/02/16,410.0,750.0,542.4765466923336
17/02/16,420.0,750.0,543.0352515351001
18/02/16,420.0,750.0,542.9060279359209
19/02/16,420.0,750.0,541.5693007249099
20/02/16,420.0,750.0,541.8346252441406
21/02/16,420.0,750.0,541.7944205147879
22/02/16,420.0,750.0,541.395944543787
23/02/16,420.0,800.0,542.0364662679036
24/02/16,420.0,800.0,540.5920267878352
25/02/16,420.0,800.0,538.4636477908573
26/02/16,420.0,800.0,535.9281940460205
27/02/16,420.0,800.0,535.24427616514
28/02/16,420.0,800.0,533.6762321158632
29/02/16,413.33,800.0,532.3095162227236
01/03/16,420.0,665.0,528.563872216453
02/03/16,420.0,665.0,527.6036602611273
03/03/16,420.0,650.0,528.2892249738667
04/03/16,420.0,718.0,528.6644045956485
05/03/16,420.0,718.0,530.0439996127425
06/03/16,420.0,718.0,528.8704759247449
07/03/16,420.0,718.0,529.030204513446
08/03/16,420.0,718.0,528.0557928677263
09/03/16,420.0,718.0,527.4330820580051
10/03/16,420.0,718.0,526.7155093238467
11/03/16,420.0,690.0,526.0015164079338
12/03/16,420.0,690.0,526.563585373451
13/03/16,420.0,800.0,529.340895448882
14/03/16,420.0,800.0,529.4015967051188
15/03/16,386.5,800.0,529.2230130548346
16/03/16,386.5,800.0,528.916852190778
17/03/16,386.5,800.0,531.6479005613527
18/03/16,386.5,700.0,529.9333098312904
19/03/16,420.0,700.0,533.1250340955011
20/03/16,420.0,700.0,533.1608278471848
21/03/16,420.0,700.0,532.8037940715922
22/03/16,420.0,700.0,533.3377085791694
23/03/16,420.0,704.0,535.39545488691
24/03/16,420.0,700.0,533.515663840554
25/03/16,420.0,690.0,533.7427132742746
26/03/16,420.0,800.0,536.019998320451
27/03/16,420.0,800.0,537.6905594405595
28/03/16,420.0,800.0,538.6623943490042
29/03/16,420.0,800.0,541.4164330542504
30/03/16,420.0,800.0,543.3753837105278
31/03/16,420.0,800.0,545.2775333352284
01/04/16,420.0,800.0,544.6418477933701
02/04/16,420.0,769.0,542.504619940396
03/04/16,420.0,769.0,545.5192514017326
04/04/16,420.0,769.0,545.5638089342182
05/04/16,473.0,701.0,548.1344218351403
06/04/16,473.0,690.0,547.580816359747
07/04/16,470.0,690.0,545.7239998653017
08/04/16,461.67,690.0,547.6569939459954
09/04/16,460.0,690.0,545.5216559048357
10/04/16,460.0,655.0,543.1440568403764
11/04/16,460.0,655.0,543.2277088165283
12/04/16,459.0,655.0,541.2275354089871
13/04/16,420.0,650.0,539.6307981187019
14/04/16,420.0,690.0,541.5193398419549
15/04/16,420.0,700.0,542.134662140581
16/04/16,420.0,690.0,543.4981058294123
17/04/16,420.0,690.0,540.7678295993065
18/04/16,420.0,690.0,539.5482161174449
19/04/16,420.0,690.0,540.2381530761719
20/04/16,460.0,690.0,540.9296987433182
21/04/16,455.0,650.0,539.278956171292
22/04/16,455.0,625.0,539.4114822952836
23/04/16,455.0,650.0,540.0945460001627
24/04/16,455.0,650.0,540.4364182201784
25/04/16,455.0,769.0,543.0635292950799
26/04/16,455.0,769.0,544.6429317158864
27/04/16,455.0,769.0,543.4572932881521
28/04/16,455.0,769.0,546.2991729965784
29/04/16,455.0,769.0,547.1207362904269
30/04/16,455.0,769.0,546.3154749069771
01/05/16,455.0,769.0,546.3154749069771
02/05/16,455.0,850.0,546.5740439471076
03/05/16,455.0,753.33,543.5140443689683
04/05/16,455.0,762.67,543.5915913437352
05/05/16,457.5,705.33,545.8404587607347
06/05/16,457.5,705.33,541.6689517113471
07/05/16,457.5,705.33,542.9498321533204
08/05/16,465.0,705.33,544.3281142438044
09/05/16,465.0,705.33,543.1005685697726
10/05/16,459.0,782.0,547.6439836025238
11/05/16,459.0,782.0,547.2731782188712
12/05/16,459.0,700.0,546.6627697284405
13/05/16,459.0,700.0,546.3241980166836
14/05/16,459.0,773.0,549.0053733711812
15/05/16,450.0,773.0,547.6678955537036
16/05/16,450.0,773.0,547.6796273758163
17/05/16,450.0,773.0,547.1398490148646
18/05/16,480.0,773.0,547.1268509992465
19/05/16,480.0,773.0,548.2941457856962
20/05/16,480.0,773.0,547.2620972664125
21/05/16,480.0,750.0,545.4313228386493
22/05/16,480.0,750.0,544.7511566414321
23/05/16,486.67,750.0,547.4367497762045
24/05/16,490.0,700.0,549.5441462819169
25/05/16,480.0,700.0,548.2755475725446
26/05/16,480.0,700.0,550.7152851383861
27/05/16,480.0,700.0,556.1133333531822
28/05/16,480.0,700.0,558.8120798339844
29/05/16,480.0,700.0,559.1124790039063
30/05/16,480.0,700.0,559.2955898975763
31/05/16,480.0,700.0,561.2373821924604
01/06/16,485.0,871.0,565.9272298959586
02/06/16,485.0,871.0,568.3487307420418
03/06/16,485.0,730.0,570.1777440121299
04/06/16,490.0,730.0,570.6052221042007
05/06/16,490.0,730.0,570.934028967103
06/06/16,493.33,730.0,572.0940593059798
07/06/16,493.33,730.0,574.1846873760223
08/06/16,493.33,849.5,579.9266911433293
09/06/16,495.0,765.0,581.2128142180267
10/06/16,495.0,800.0,584.8553322120949
11/06/16,495.0,800.0,587.3852593315972
12/06/16,495.0,800.0,590.4645182291666
13/06/16,480.0,800.0,590.0981340550665
14/06/16,480.0,800.0,591.1424999815044
15/06/16,480.0,800.0,590.6960908129699
16/06/16,510.0,800.0,593.3231529822716
17/06/16,495.0,790.0,590.9109373092651
18/06/16,496.67,790.0,590.4624188330865
19/06/16,496.67,709.0,588.1417883896246
20/06/16,496.67,709.0,587.7218694919493
21/06/16,496.67,700.0,588.7827780587332
22/06/16,500.0,750.0,590.2047291836998
23/06/16,480.0,750.0,590.1477975920429
24/06/16,500.0,750.0,590.7481110340028
25/06/16,505.0,800.0,594.1736806640625
26/06/16,505.0,800.0,593.8752802734375
27/06/16,505.0,800.0,594.4996801757812
28/06/16,505.0,947.0,598.4880641814201
29/06/16,530.0,947.0,598.8540329471712
30/06/16,530.0,800.0,598.8074376129907
01/07/16,530.0,800.0,596.2970395507813
02/07/16,530.0,769.0,594.8872960825436
03/07/16,530.0,800.0,596.562742663968
04/07/16,530.0,800.0,597.474112726027
05/07/16,518.0,800.0,595.1008069438319
06/07/16,518.0,800.0,595.8767476895961
07/07/16,530.0,800.0,602.1971757029759
08/07/16,532.0,800.0,610.0278949020501
09/07/16,525.6,800.0,610.9917980166648
10/07/16,525.6,800.0,613.7926609396077
11/07/16,525.6,800.0,614.7990705217634
12/07/16,525.6,800.0,615.561941462455
13/07/16,526.5,800.0,615.5285411410862
14/07/16,526.5,800.0,616.4318733215332
15/07/16,520.0,780.0,615.7116183428698
16/07/16,547.0,780.0,617.5360563036421
17/07/16,547.0,775.0,616.2684502400143
18/07/16,547.0,775.0,616.2811967016945
19/07/16,547.0,775.0,617.7719434102377
20/07/16,472.0,775.0,616.0195126003689
21/07/16,472.0,775.0,616.1085793786015
22/07/16,534.0,775.0,615.7325687953404
23/07/16,534.0,778.0,616.6834028528092
24/07/16,534.0,778.0,616.043378803092
25/07/16,534.0,746.5,616.391040802002
26/07/16,534.0,769.0,616.8999336861275
27/07/16,547.0,769.0,617.8562246158423
28/07/16,542.75,769.0,619.6728941264905
29/07/16,535.67,850.0,621.2279199377283
30/07/16,542.75,850.0,621.1816768523186
31/07/16,547.0,769.0,621.4767081968246
01/08/16,547.0,769.0,622.1912099267267
02/08/16,547.0,836.0,623.8775156592108
03/08/16,547.0,836.0,624.2976424101811
04/08/16,541.75,836.0,624.2673876331111
05/08/16,544.22,840.0,623.7174519338425
06/08/16,544.22,840.0,623.7174519338425
07/08/16,537.0,840.0,622.5004507211538
08/08/16,537.0,840.0,621.2866257588574
09/08/16,537.0,843.0,618.7175652919672
10/08/16,537.0,843.0,619.0417413526966
11/08/16,537.0,843.0,619.7271606445313
12/08/16,509.33,843.0,619.3507149436257
13/08/16,532.0,843.0,619.2582060985076
14/08/16,538.57,843.0,618.0084950565513
15/08/16,538.57,843.0,619.8691644913112
16/08/16,538.57,750.0,617.826471465865
17/08/16,541.75,750.0,615.0687815348307
18/08/16,541.75,744.5,614.8895547465913
19/08/16,541.75,740.0,615.3281418237931
20/08/16,541.75,720.0,614.6338481414012
21/08/16,541.75,720.0,614.6338481414012
22/08/16,541.75,767.0,615.393121221263
23/08/16,540.5,818.0,618.1055641174316
24/08/16,538.57,818.0,617.8777366014397
25/08/16,538.57,832.5,617.4823923170942
26/08/16,538.57,832.5,617.203418973126
27/08/16,538.57,832.5,617.1491837411556
28/08/16,538.57,832.5,617.591887468062
29/08/16,538.57,832.5,616.8834178296826
30/08/16,538.57,832.5,613.666047649619
31/08/16,538.57,832.5,613.6039739573224
01/09/16,538.57,711.91,611.4728293748772
02/09/16,538.57,896.0,616.0165431646653
03/09/16,538.57,896.0,617.3977028035229
04/09/16,538.57,896.0,617.2803090729328
05/09/16,538.57,896.0,617.0231668223505
06/09/16,538.57,896.0,617.1558864931517
07/09/16,538.57,896.0,616.8740634918213
08/09/16,540.0,896.0,617.6970994737413
09/09/16,538.57,750.0,614.9248123168945
10/09/16,538.57,750.0,615.6527785312983
11/09/16,538.57,750.0,615.7787031008874
12/09/16,538.57,750.0,615.9044438114872
13/09/16,541.75,750.0,615.7774253798409
14/09/16,544.22,750.0,616.0009070194129
15/09/16,544.22,750.0,615.9364021115186
16/09/16,544.22,750.0,615.3697565590463
17/09/16,543.55,750.0,614.5839884939369
18/09/16,543.55,733.33,613.0626392949579
19/09/16,543.55,733.33,612.3816246032715
20/09/16,542.0,778.0,613.9874843381485
21/09/16,542.0,750.0,614.1494497903964
22/09/16,542.0,750.0,615.6157312160585
23/09/16,542.4,800.0,618.461402334818
24/09/16,542.4,800.0,618.2776068955839
25/09/16,542.4,800.0,619.0974102709666
26/09/16,542.4,800.0,619.4678925663592
27/09/16,542.4,800.0,619.609578695642
28/09/16,543.09,800.0,619.6956297366205
29/09/16,543.09,795.0,618.170413387523
30/09/16,541.4,795.0,618.6336041827534
01/10/16,541.4,795.0,618.9913455003883
02/10/16,542.67,765.0,618.0750887718426
03/10/16,542.67,830.0,618.3672359690946
04/10/16,542.67,830.0,618.2921440487817
05/10/16,542.67,750.0,616.9940221662353
06/10/16,542.67,750.0,616.5056224574704
07/10/16,542.67,750.0,617.9294103285846
08/10/16,541.75,750.0,618.110646685432
09/10/16,538.57,800.0,617.5728980070035
10/10/16,538.57,800.0,617.2154439892289
11/10/16,541.75,999.0,620.8813317800533
12/10/16,541.75,835.0,619.6470520372336
13/10/16,546.0,835.0,620.5178607213015
14/10/16,546.0,835.0,621.4045074992097
15/10/16,546.0,835.0,622.04369834944
16/10/16,546.0,835.0,622.0429465233246
17/10/16,546.0,835.0,620.8715110601381
18/10/16,546.0,836.0,621.4990106626999
19/10/16,546.0,836.0,620.17730891356
20/10/16,546.0,836.0,621.8038150147895
21/10/16,546.0,836.0,623.548793047324
22/10/16,546.0,836.0,624.1765327233111
23/10/16,546.0,836.0,624.0132556294286
24/10/16,546.0,836.0,624.4523386815836
25/10/16,546.0,836.0,626.1786776137078
26/10/16,546.0,836.0,627.7739661205774
27/10/16,550.0,836.0,628.9391862736192
28/10/16,550.0,836.0,629.6562418854994
29/10/16,550.0,836.0,631.6213782299524
30/10/16,550.0,836.0,632.7112630208334
31/10/16,550.0,836.0,632.1457812358879
01/11/16,550.0,836.0,630.6054909766754
02/11/16,550.0,836.0,632.6682861328125
03/11/16,550.0,836.0,633.9833519675515
04/11/16,550.0,836.0,634.9254243495101
05/11/16,550.0,836.0,634.7410188664151
06/11/16,550.0,836.0,635.5032776223737
07/11/16,550.0,836.0,634.9364776611328
08/11/16,550.0,836.0,635.0531241677024
09/11/16,550.0,836.0,634.1494337178893
10/11/16,550.0,836.0,634.3900567178672
11/11/16,550.0,778.0,632.7447116895654
12/11/16,550.0,766.25,632.281883719308
13/11/16,550.0,766.25,632.0831221211163
14/11/16,550.0,774.25,631.826184223153
15/11/16,550.0,774.25,632.4805154033091
16/11/16,550.0,799.0,632.3481699916294
17/11/16,550.0,930.0,634.2309660478072
18/11/16,550.0,930.0,634.5919192901439
19/11/16,550.0,930.0,633.9538207322024
20/11/16,550.0,930.0,633.3555057825668
21/11/16,550.0,930.0,633.233051192289
22/11/16,550.0,930.0,633.6712064194953
23/11/16,550.0,930.0,633.2285058032508
24/11/16,550.0,930.0,634.1276276152013
25/11/16,546.0,930.0,633.684238929533
26/11/16,546.0,930.0,632.632472691911
27/11/16,546.0,809.0,631.2877980032883
28/11/16,546.0,809.0,631.530509647003
29/11/16,546.0,809.0,631.469721447822
30/11/16,546.0,809.0,631.7773332383897
01/12/16,546.0,809.0,632.4916653103298
02/12/16,546.0,809.0,632.6346110026042
03/12/16,546.0,809.0,633.0088324652778
04/12/16,546.0,809.0,632.6465542263455
05/12/16,546.0,809.0,632.7837209065755
06/12/16,546.0,809.0,632.9054992675781
07/12/16,546.0,930.0,634.673536437651
08/12/16,546.0,930.0,635.7690601665012
09/12/16,546.0,930.0,636.0358006598541
10/12/16,546.0,930.0,636.419888800083
11/12/16,546.0,930.0,636.0422476436315
12/12/16,546.0,930.0,636.0433890994659
13/12/16,546.0,930.0,635.7946850585937
14/12/16,546.0,930.0,636.828682686942
15/12/16,546.0,930.0,640.2614198164506
16/12/16,546.0,930.0,643.2435585496116
17/12/16,546.0,809.0,643.9228980324485
18/12/16,546.0,809.0,645.7386925437233
19/12/16,546.0,809.0,646.201021714644
20/12/16,546.0,809.0,647.5205144391741
21/12/16,546.0,809.0,650.1198848377575
22/12/16,550.0,809.0,651.0100008503774
23/12/16,550.0,809.0,652.5230339136017
24/12/16,550.0,834.0,655.2843644790228
25/12/16,550.0,834.0,655.0364792466829
26/12/16,550.0,834.0,655.3838558942912
27/12/16,550.0,834.0,656.9531836483065
28/12/16,550.0,834.0,659.5844974093967
29/12/16,550.0,834.0,661.0632768419053
30/12/16,550.0,834.0,663.2163892957899
31/12/16,550.0,834.0,665.0994449191624
01/01/17,550.0,834.0,666.8910552978516
02/01/17,550.0,834.0,666.6924441867404
03/01/17,550.0,809.0,666.2356255271218
04/01/17,550.0,809.0,666.1871594515713
05/01/17,550.0,809.0,666.3173304471103
06/01/17,550.0,809.0,665.5129146902901
07/01/17,575.0,809.0,666.791200125558
08/01/17,575.0,809.0,666.8452302779275
09/01/17,575.0,809.0,667.0074136173024
10/01/17,550.0,799.0,668.5298211233957
11/01/17,590.0,800.33,670.3106833511258
12/01/17,590.0,820.0,672.0020382728105
13/01/17,590.0,1000.0,676.5520951505192
14/01/17,590.0,1000.0,679.4292351217831
15/01/17,590.0,915.0,680.2105273865817
16/01/17,590.0,915.0,681.1727908821994
17/01/17,590.0,905.0,681.9117929094789
18/01/17,590.0,905.0,683.0613796190283
19/01/17,590.0,905.0,684.5024584960937
20/01/17,590.0,910.0,685.8643994140625
21/01/17,590.0,930.0,688.242203362244
22/01/17,590.0,930.0,689.2123161359021
23/01/17,590.0,930.0,688.9049151576845
24/01/17,590.0,930.0,689.3221012462269
25/01/17,590.0,930.0,690.5942843191964
26/01/17,590.0,930.0,691.326021714644
27/01/17,590.0,930.0,692.9715343822132
28/01/17,590.0,930.0,692.8375573591752
29/01/17,590.0,930.0,691.7810278320312
30/01/17,590.0,930.0,691.5469705636161
31/01/17,590.0,930.0,692.053635337136
01/02/17,590.0,930.0,691.7550290210099
02/02/17,590.0,930.0,691.234437749627
03/02/17,590.0,930.0,691.92683712372
04/02/17,590.0,930.0,692.5290399756135
05/02/17,590.0,830.0,689.8113206885326
06/02/17,590.0,800.0,688.722209841706
07/02/17,590.0,800.0,690.4543688543912
08/02/17,590.0,800.0,690.4543688543912
09/02/17,590.0,800.0,690.450000982175
10/02/17,590.0,800.0,689.771965952967
11/02/17,590.0,800.0,691.2090057908443
12/02/17,590.0,800.0,690.9640462966192
13/02/17,590.0,800.0,689.4316957415956
14/02/17,590.0,804.5,689.0238374914013
15/02/17,623.0,854.0,693.8863067626953
16/02/17,623.0,854.0,693.8663617914373
17/02/17,623.0,854.0,693.364148573442
18/02/17,621.0,854.0,693.726570172991
19/02/17,610.0,854.0,693.6394327337092
20/02/17,610.0,807.5,692.2829501642657
21/02/17,610.0,800.0,691.9363789174748
22/02/17,610.0,800.0,691.0420686568337
23/02/17,610.0,800.0,691.353733457368
24/02/17,610.0,800.0,691.6418965657552
25/02/17,610.0,800.0,692.5751440429688
26/02/17,610.0,800.0,692.7714377216909
27/02/17,590.0,800.0,692.2444177671921
28/02/17,590.0,799.0,691.1973852113235
01/03/17,590.0,799.0,692.4457214002664
02/03/17,619.0,830.0,693.9734673472498
03/03/17,619.0,830.0,693.967356714709
04/03/17,619.0,830.0,695.1268010602679
05/03/17,619.0,810.12,693.7110843331474
06/03/17,619.0,810.12,693.6033325195312
07/03/17,590.0,854.0,693.9858865792411
08/03/17,590.0,854.0,694.1212576729911
09/03/17,590.0,854.0,694.6353399103338
10/03/17,590.0,854.0,696.087810044878
11/03/17,590.0,854.0,695.5409049341234
12/03/17,590.0,854.0,694.7800575730491
13/03/17,590.0,854.0,694.6928971030495
14/03/17,590.0,854.0,694.4127434430803
15/03/17,590.0,854.0,694.069430958141
16/03/17,590.0,854.0,694.5718097579007
17/03/17,590.0,854.0,692.9100007310426
18/03/17,590.0,854.0,693.2137485850941
19/03/17,590.0,854.0,691.6979087355446
20/03/17,590.0,854.0,690.8294759351154
21/03/17,590.0,810.0,688.4642683776499
22/03/17,590.0,885.0,690.1585541653495
23/03/17,590.0,885.0,690.5295399632947
24/03/17,610.0,885.0,689.7266863760864
25/03/17,610.0,885.0,689.4375733144185
26/03/17,610.0,885.0,689.3284805030154
27/03/17,610.0,885.0,688.6549729018184
28/03/17,610.0,885.0,687.3554965905976
29/03/17,610.0,885.0,687.6338231703814
30/03/17,610.0,885.0,687.3470762375503
31/03/17,610.0,885.0,687.1119898745889
01/04/17,580.0,854.0,684.3440359015214
02/04/17,580.0,854.0,684.1945618746573
03/04/17,580.0,854.0,683.4411179486443
04/04/17,580.0,854.0,683.3380797630133
05/04/17,580.0,854.0,683.3706959569176
06/04/17,580.0,854.0,681.8890710875046
07/04/17,580.0,854.0,681.6078621748555
08/04/17,580.0,854.0,680.8918027656023
09/04/17,580.0,854.0,681.8009477423493
10/04/17,580.0,854.0,682.3005916437454
11/04/17,590.0,827.0,683.6565059064383
12/04/17,590.0,820.0,684.528375097068
13/04/17,590.0,835.0,684.6850892940681
14/04/17,613.0,835.0,683.7211130401234
15/04/17,619.0,818.0,683.927668846458
16/04/17,617.0,842.0,683.7575932255497
17/04/17,617.0,842.0,683.5188694600039
18/04/17,619.0,842.0,681.99349899292
19/04/17,617.0,842.0,681.0213039232337
20/04/17,617.0,842.0,681.0213039232337
21/04/17,619.0,818.0,678.896037551592
22/04/17,612.0,818.0,679.798250579834
23/04/17,612.0,818.0,679.2483643345863
24/04/17,610.0,818.0,679.2340268309011
25/04/17,617.0,818.0,678.8328750610351
26/04/17,618.5,850.0,679.4766661090615
27/04/17,618.5,850.0,677.47950791435
28/04/17,618.5,850.0,677.6917276264709
29/04/17,600.0,850.0,678.9299385070801
30/04/17,600.0,850.0,680.6704949273003
01/05/17,600.0,850.0,680.3898771309558
02/05/17,600.0,850.0,679.7395042277271
03/05/17,619.83,850.0,679.6219394683837
04/05/17,618.2,850.0,679.8833967484768
05/05/17,618.2,850.0,681.6532723288866
06/05/17,600.0,825.0,679.3605694348299
07/05/17,600.0,825.0,680.179620670367
08/05/17,600.0,825.0,679.475477084992
09/05/17,600.0,825.0,678.8433968406054
10/05/17,600.0,825.0,679.2492990676005
11/05/17,600.0,825.0,680.5629499386519
12/05/17,610.0,825.0,680.3117311917819
13/05/17,610.0,840.0,680.7970771294135
14/05/17,610.0,840.0,680.5560393890777
15/05/17,604.33,840.0,678.2492716201883
16/05/17,604.33,840.0,678.0726619571834
17/05/17,610.0,840.0,678.939298787694
18/05/17,610.0,840.0,678.8264327322602
19/05/17,610.0,840.0,678.0786547538562
20/05/17,610.0,840.0,677.2653225629757
21/05/17,610.0,840.0,677.2694769965278
22/05/17,610.0,840.0,677.5796104530235
23/05/17,610.0,818.0,675.5711269757605
24/05/17,610.0,821.0,677.5861473332823
25/05/17,610.0,821.0,678.604416488053
26/05/17,610.0,821.0,680.121031139743
27/05/17,610.0,821.0,679.445163701874
28/05/17,610.0,821.0,680.1161431206597
29/05/17,610.0,821.0,680.1531125504449
30/05/17,610.0,821.0,680.0117329915364
31/05/17,610.0,821.0,679.750602158924
01/06/17,610.0,821.0,679.1737147150812
02/06/17,600.0,821.0,678.627484327747
03/06/17,597.5,818.0,676.4793420088919
04/06/17,585.0,795.0,674.3131550014419
05/06/17,585.0,800.0,673.3815588984929
06/06/17,585.0,800.0,673.3815588984929
07/06/17,596.88,760.0,671.4147065106561
08/06/17,600.0,818.0,672.9185799673094
09/06/17,600.0,828.0,674.8313965697389
10/06/17,600.0,828.0,676.0576223093314
11/06/17,596.4,818.0,675.2406471307329
12/06/17,596.4,818.0,673.7524462363702
13/06/17,596.4,818.0,675.2484016418457
14/06/17,596.4,818.0,674.9804813779633
15/06/17,596.4,818.0,674.7682312426924
16/06/17,596.4,818.0,674.7155782479007
17/06/17,588.0,818.0,674.7068242253484
18/06/17,580.67,818.0,675.0753407935574
19/06/17,580.67,818.0,676.0272414634968
20/06/17,533.0,818.0,672.7980802353114
21/06/17,533.0,818.0,670.8079593165392
22/06/17,580.67,818.0,670.4314973792251
23/06/17,580.0,805.0,667.5359311860183
24/06/17,580.0,810.0,668.1779170566135
25/06/17,580.0,810.0,667.2656033563276
26/06/17,580.0,810.0,668.9328170561455
27/06/17,580.0,810.0,668.4831209656195
28/06/17,580.0,810.0,668.5402727518996
29/06/17,580.0,810.0,668.4699304368761
30/06/17,580.0,800.0,667.1847262447827
01/07/17,594.0,800.0,667.43905864946
02/07/17,596.67,800.0,668.763287230626
03/07/17,596.67,800.0,668.5010874222736
04/07/17,565.0,800.0,666.9782865341396
05/07/17,590.0,818.0,668.6853052256058
06/07/17,601.0,818.0,667.994383511478
07/07/17,585.5,818.0,667.2312337796982
08/07/17,585.5,818.0,666.037379613416
09/07/17,590.4,818.0,665.8465082874037
10/07/17,580.5,818.0,666.0210356613685
11/07/17,565.5,818.0,665.4219436645508
12/07/17,565.5,818.0,665.2959039476183
13/07/17,565.5,818.0,665.9074475518588
14/07/17,565.5,818.0,665.0517919080011
15/07/17,500.0,766.67,663.5568279397899
16/07/17,588.4,776.67,662.7509528958068
17/07/17,588.4,815.0,664.1431088834196
18/07/17,588.4,815.0,663.9309583690068
19/07/17,583.0,815.0,664.3862090012123
20/07/17,583.0,815.0,664.374766509805
21/07/17,581.67,815.0,663.8644298579069
22/07/17,588.75,815.0,663.4112737258808
23/07/17,588.75,815.0,663.6868205291546
24/07/17,588.75,815.0,664.7225826844474
25/07/17,574.11,840.0,665.5036673990885
26/07/17,574.11,793.33,665.2707999674479
27/07/17,581.7,790.0,663.98580078125
28/07/17,583.0,790.0,664.0764477378443
29/07/17,571.4,790.0,664.314079284668
30/07/17,571.4,790.0,665.2694690022247
31/07/17,571.4,757.5,663.7441341145833
01/08/17,571.4,757.5,663.3693982834784
02/08/17,571.4,757.5,661.8486231310615
03/08/17,571.4,757.5,661.2453827956627
04/08/17,571.4,750.0,660.8183467470367
05/08/17,581.0,750.0,660.5410423278809
06/08/17,581.0,750.0,661.6921124525473
07/08/17,579.5,797.0,663.6839471114309
08/08/17,575.0,797.0,665.5735711432122
09/08/17,561.67,779.0,663.5173854453891
10/08/17,555.0,830.0,664.3552907636089
11/08/17,564.0,779.0,664.2836949050807
12/08/17,564.0,840.0,666.5463119506836
13/08/17,564.0,840.0,667.4413120269776
14/08/17,587.14,840.0,668.1890632629395
15/08/17,592.38,840.0,668.6461511457929
16/08/17,593.92,840.0,668.795877456665
17/08/17,589.86,840.0,669.2098182725028
18/08/17,585.0,840.0,669.8478408625097
19/08/17,585.0,840.0,671.0855280716227
20/08/17,585.0,840.0,670.9116760633007
21/08/17,585.0,878.0,672.1701230649595
22/08/17,585.0,878.0,672.6147218313276
23/08/17,589.17,878.0,672.7962729886452
24/08/17,592.92,896.0,673.3109804867236
25/08/17,593.43,896.0,674.3775756835937
26/08/17,594.17,896.0,674.5359746421256
27/08/17,573.0,896.0,673.0856516583366
28/08/17,573.0,896.0,671.7947498321533
29/08/17,573.0,896.0,672.0354358673096
30/08/17,588.33,896.0,672.162732236874
31/08/17,588.33,896.0,671.9820242103624
01/09/17,600.6,801.33,670.8625469326232
02/09/17,601.0,801.33,670.7650012969971
03/09/17,600.0,801.33,669.5018252966539
04/09/17,600.0,779.0,668.5128667552001
05/09/17,599.79,787.5,668.791987492488
06/09/17,599.79,787.5,669.0785988971686
07/09/17,600.0,787.5,669.4085449991347
08/09/17,599.0,787.5,669.0146210103095
09/09/17,599.0,790.0,669.2067504882813
10/09/17,599.0,790.0,669.5250938943348
11/09/17,599.86,857.0,670.7394822643649
12/09/17,598.67,857.0,671.9814754388271
13/09/17,601.0,857.0,671.966795309996
14/09/17,601.0,857.0,674.9585620880127
15/09/17,601.0,830.0,674.0553741455078
16/09/17,599.43,830.0,675.6605007171631
17/09/17,599.43,830.0,675.9127341323758
18/09/17,599.43,830.0,676.0348114013672
19/09/17,601.0,830.0,675.248037603837
20/09/17,601.0,890.0,677.3445910567757
21/09/17,601.0,890.0,678.0396881103516
22/09/17,500.0,890.0,676.8142498016357
23/09/17,605.5,890.0,677.4502491447496
24/09/17,605.5,890.0,676.9733135223389
25/09/17,605.5,890.0,677.2605034210397
26/09/17,605.5,890.0,677.8980625152587
27/09/17,605.5,890.0,677.9041877746582
28/09/17,605.5,890.0,679.1575630187988
29/09/17,605.5,890.0,680.3557925340606
30/09/17,600.0,818.0,680.0954575047349
01/10/17,600.0,818.0,680.5256976503315
02/10/17,605.5,818.0,681.0904252485795
03/10/17,605.5,818.0,683.427782983837
04/10/17,605.5,828.33,684.420774550665
05/10/17,605.5,873.0,683.8400608451067
06/10/17,605.5,873.0,683.6670663799355
07/10/17,605.5,873.0,684.5967060020583
08/10/17,605.5,873.0,686.0144905501497
09/10/17,601.29,881.0,687.118553805064
10/10/17,605.5,881.0,688.5966458204316
11/10/17,605.5,881.0,689.6153919566761
12/10/17,605.5,850.0,690.150179012093
13/10/17,605.5,818.0,687.8484256628788
14/10/17,605.5,820.0,688.2936303274972
15/10/17,605.5,818.0,689.3685877182904
16/10/17,605.5,818.0,689.9889993106617
17/10/17,605.5,826.5,690.2113422594572
18/10/17,605.5,826.5,691.4156391232513
19/10/17,605.5,920.0,693.6684563337053
20/10/17,605.5,920.0,694.61623046875
21/10/17,605.5,920.0,694.1432575334821
22/10/17,605.5,920.0,694.4167424665178
23/10/17,605.5,920.0,694.6330290876116
24/10/17,605.5,863.5,693.6161858883896
25/10/17,610.0,863.5,693.4976579938616
26/10/17,610.0,863.5,694.9930287388393
27/10/17,608.44,863.5,694.7273726981027
28/10/17,610.0,863.5,694.4894182072129
29/10/17,610.0,864.0,693.82587060263
30/10/17,610.0,864.0,693.8208124914835
31/10/17,610.0,864.0,694.095813485079
01/11/17,610.0,864.0,694.828780063363
02/11/17,610.0,864.0,696.115549782108
03/11/17,610.0,864.0,696.115549782108
04/11/17,610.0,865.0,697.0344848632812
05/11/17,614.5,865.0,696.1938522163479
06/11/17,614.5,865.0,696.3802890119881
07/11/17,614.5,864.0,696.4550837053572
08/11/17,614.5,864.0,697.1669140625
09/11/17,614.5,864.0,698.785144391741
10/11/17,614.5,878.0,699.9471022865989
11/11/17,614.5,878.0,699.2673389236362
12/11/17,614.5,918.0,700.2571668680004
13/11/17,614.5,918.0,700.2571668680004
14/11/17,614.5,918.0,702.2724718115795
15/11/17,616.5,918.0,704.6961590610655
16/11/17,616.5,918.0,705.8499999314212
17/11/17,616.5,918.0,704.9058189607609
18/11/17,621.0,918.0,707.0353325737847
19/11/17,621.0,918.0,707.4666673448351
20/11/17,621.0,918.0,707.6648620946447
21/11/17,621.0,927.0,708.2035740687195
22/11/17,630.0,927.0,709.2603902976606
23/11/17,630.0,927.0,709.7565351944396
24/11/17,630.0,927.0,710.3377651449023
25/11/17,637.0,898.0,711.4122219509549
26/11/17,624.0,898.0,711.7678883870443
27/11/17,624.0,898.0,713.1184448242187
28/11/17,624.0,898.0,713.1670389015582
29/11/17,624.0,898.0,713.6044134214603
30/11/17,624.0,898.0,714.9087222629123
01/12/17,624.0,864.0,713.9332974396605
02/12/17,624.0,864.0,715.6344144171177
03/12/17,628.5,878.0,716.904970989547
04/12/17,628.5,878.0,717.4388826679251
05/12/17,628.5,878.0,717.798378033345
06/12/17,637.0,878.0,719.0446930784087
07/12/17,637.0,878.0,719.7639664804469
08/12/17,637.0,878.0,720.2174706619777
09/12/17,637.0,878.0,720.446666308042
10/12/17,637.0,900.0,721.5926410803634
11/12/17,631.0,900.0,721.8003398658192
12/12/17,631.0,900.0,722.0468002490783
13/12/17,631.0,900.0,721.256463554468
14/12/17,631.0,900.0,723.475900714317
15/12/17,631.0,900.0,724.0380341604854
16/12/17,619.67,900.0,724.0104517561666
17/12/17,619.67,900.0,725.0400576833952
18/12/17,619.67,900.0,725.0400576833952
19/12/17,619.67,899.5,723.75740352997
20/12/17,622.67,899.5,724.321874445135
21/12/17,621.5,899.5,725.6080794684631
22/12/17,621.5,899.5,725.1436524123288
23/12/17,627.67,899.5,725.7905640334226
24/12/17,627.67,899.5,726.0639332974895
25/12/17,627.67,899.5,725.4851422498455
26/12/17,643.0,927.0,726.3437872417902
27/12/17,647.5,930.0,726.4510177353682
28/12/17,647.5,937.0,727.558201136214
29/12/17,655.0,937.0,728.3269847678073
30/12/17,631.0,937.0,728.8076275324418
31/12/17,631.0,937.0,729.0823740124029
01/01/18,631.0,937.0,728.8764621005969
02/01/18,631.0,937.0,728.9183709648219
03/01/18,631.0,937.0,728.8014605232839
04/01/18,631.0,937.0,728.6537643604064
05/01/18,631.0,937.0,728.3559556596734
06/01/18,631.0,937.0,727.9247186210719
07/01/18,631.0,937.0,728.0379216912088
08/01/18,631.0,937.0,726.8064197193493
09/01/18,644.0,930.0,721.1909142470942
10/01/18,623.5,879.0,717.664600423177
11/01/18,690.0,740.5,720.1666666666666
12/01/18,649.2,823.0,721.727778305242
13/01/18,631.0,937.0,723.763809567406
14/01/18,655.0,937.0,725.3676331649871
15/01/18,648.29,937.0,725.5357630112592
16/01/18,655.0,937.0,726.920700697871
17/01/18,655.0,937.0,726.9002913982548
18/01/18,657.5,937.0,727.9734887411428
19/01/18,631.0,937.0,727.5152903712074
20/01/18,657.5,937.0,728.8376745179642
21/01/18,664.0,937.0,730.3554105870865
22/01/18,664.0,937.0,730.6444106158089
23/01/18,661.88,937.0,731.0551179773668
24/01/18,664.38,937.0,733.1226016358833
25/01/18,673.0,937.0,732.9426458950701
26/01/18,671.71,955.0,735.3781127929688
27/01/18,673.0,955.0,737.608425869031
28/01/18,673.0,955.0,738.7294908081744
29/01/18,650.0,955.0,738.8590953417417
30/01/18,666.0,955.0,738.3220760045426
31/01/18,666.0,955.0,738.8960681015186
01/02/18,666.0,955.0,738.8960681015186
02/02/18,631.0,955.0,739.7892745886435
03/02/18,665.0,955.0,740.7554737282865
04/02/18,665.0,955.0,741.1931079929158
05/02/18,659.0,955.0,742.4493836820795
06/02/18,659.0,955.0,743.2949142887094
07/02/18,658.0,955.0,743.6515729239817
08/02/18,658.0,955.0,744.6474149896858
09/02/18,665.86,955.0,745.7398860952949
10/02/18,665.86,955.0,746.4568357306011
11/02/18,669.71,955.0,747.2418630136608
12/02/18,669.71,955.0,746.7039770646529
13/02/18,669.71,955.0,746.9488057223233
14/02/18,669.71,955.0,748.7658177607477
15/02/18,672.43,955.0,748.7128233828787
16/02/18,672.43,955.0,748.8080206402277
17/02/18,672.43,955.0,748.1591453552246
18/02/18,672.43,955.0,748.1668163646351
19/02/18,658.0,955.0,747.3181804310192
20/02/18,672.43,955.0,747.3195992606027
21/02/18,671.14,955.0,746.6245120675223
22/02/18,683.38,955.0,746.3440333279697
23/02/18,680.83,955.0,745.2215527063129
24/02/18,683.38,955.0,744.6841716657366
25/02/18,676.25,955.0,744.0387283942603
26/02/18,673.75,955.0,743.1550864511831
27/02/18,671.25,955.0,744.2414943651221
28/02/18,669.0,955.0,743.5184469990346
01/03/18,666.88,955.0,744.3145071040689
02/03/18,658.0,945.0,742.4997045180377
03/03/18,658.0,945.0,742.4101755242599
04/03/18,658.0,945.0,742.5717647776884
05/03/18,658.0,850.0,741.0801173618862
06/03/18,658.0,865.0,741.9266655331567
07/03/18,658.0,865.0,741.48642658052
08/03/18,658.0,865.0,740.987099912745
09/03/18,658.0,836.33,740.728756515232
10/03/18,658.0,879.0,742.4843193821653
11/03/18,658.0,945.0,743.2425576143487
12/03/18,658.0,945.0,743.4845339752907
13/03/18,681.43,945.0,744.8933126760083
14/03/18,658.0,945.0,744.3186634862145
15/03/18,682.14,945.0,744.6046508079352
16/03/18,678.12,945.0,743.8918591876362
17/03/18,669.29,945.0,744.3864906712582
18/03/18,669.29,945.0,744.3151162540212
19/03/18,682.14,945.0,743.8987056956572
20/03/18,683.57,945.0,742.8825427173863
21/03/18,677.69,945.0,743.5238698323568
22/03/18,664.17,945.0,742.5989281790597
23/03/18,663.0,945.0,743.5941326575365
24/03/18,675.62,945.0,743.6818440755209
25/03/18,683.4,945.0,743.7238111950103
26/03/18,682.2,945.0,743.9846721352218
27/03/18,658.0,945.0,741.6188236012179
28/03/18,658.0,945.0,740.1446742672892
29/03/18,658.0,945.0,740.8005873736213
30/03/18,658.0,945.0,741.8518719589501
31/03/18,658.0,945.0,740.5623517204733
01/04/18,658.0,945.0,741.0854315785315
02/04/18,658.0,945.0,740.5243273283306
03/04/18,658.0,945.0,740.9363876433063
04/04/18,658.0,945.0,741.59810516538
05/04/18,658.0,945.0,741.8054758707682
06/04/18,678.58,920.0,743.2607783700178
07/04/18,684.0,920.0,744.1482740129743
08/04/18,684.17,881.5,742.4785035641607
09/04/18,683.4,881.5,741.4590362181146
10/04/18,680.5,881.5,741.9736971768466
11/04/18,676.0,881.5,741.3011101616753
12/04/18,676.0,881.5,741.8147530261381
13/04/18,676.0,881.5,741.9366451287121
14/04/18,676.0,881.5,741.8295655813276
15/04/18,676.0,881.5,741.6719875928038
16/04/18,676.0,945.0,742.4600617781929
17/04/18,676.0,945.0,741.8875307493572
18/04/18,676.0,945.0,742.8349697664848
19/04/18,676.0,945.0,743.6361862182617
20/04/18,670.5,945.0,743.834753719377
21/04/18,650.0,945.0,742.1282625376067
22/04/18,650.0,945.0,741.1866260528565
23/04/18,650.0,945.0,740.6571266174317
24/04/18,650.0,945.0,740.8491882324219
25/04/18,674.0,945.0,740.9443752288819
26/04/18,674.0,945.0,741.1939147570118
27/04/18,674.0,945.0,742.4700000904224
28/04/18,656.0,945.0,742.096522360855
29/04/18,656.0,945.0,742.0181361607143
30/04/18,656.0,945.0,741.7349061195895
01/05/18,656.0,966.0,742.7968712555119
02/05/18,674.0,966.0,743.0799385629049
03/05/18,678.0,966.0,744.6222084841114
04/05/18,678.0,966.0,745.5546897605614
05/05/18,650.0,966.0,745.9843469465742
06/05/18,677.5,966.0,747.1026709894215
07/05/18,668.25,945.0,745.4636871337891
08/05/18,668.25,945.0,745.2407001082305
09/05/18,668.25,945.0,746.1998696604082
10/05/18,668.25,945.0,747.7098054339172
11/05/18,660.0,945.0,749.2752219036126
12/05/18,660.0,945.0,749.672024497503
13/05/18,660.0,945.0,750.4547165204893
14/05/18,660.0,945.0,752.3252836023487
15/05/18,660.0,945.0,752.5707389925733
16/05/18,660.0,945.0,753.5863105773926
17/05/18,660.0,945.0,754.1868732452392
18/05/18,660.0,945.0,756.0741599894459
19/05/18,660.0,945.0,757.5339749733114
20/05/18,660.0,945.0,758.544471503785
21/05/18,660.0,945.0,757.9343312257414
22/05/18,681.7,945.0,760.2289096147587
23/05/18,681.7,945.0,760.7994240002754
24/05/18,680.91,945.0,760.7715043211294
25/05/18,683.36,945.0,762.6715999348959
26/05/18,681.73,945.0,765.8524977031507
27/05/18,680.89,945.0,766.9973028082596
28/05/18,682.0,945.0,767.1217325846354
29/05/18,684.25,945.0,769.634105960265
30/05/18,685.22,945.0,771.717079856179
31/05/18,688.6,945.0,772.8516782699093
01/06/18,696.8,930.0,773.2458827199499
02/06/18,697.44,1011.0,775.3359231159186
03/06/18,699.44,1011.0,775.9319884471404
04/06/18,702.44,1011.0,775.5875496156754
05/06/18,709.0,1011.0,776.0627274946733
06/06/18,709.0,1045.0,778.5321930916078
07/06/18,709.5,1045.0,779.919935960036
08/06/18,714.33,1045.0,780.5160006615423
09/06/18,719.0,1045.0,780.2879214596438
10/06/18,719.0,1045.0,780.9732886866519
11/06/18,708.0,1045.0,782.6555252075195
12/06/18,715.25,1045.0,782.6013903081023
13/06/18,711.25,1045.0,782.6454608314916
14/06/18,711.25,1045.0,782.8359458773743
15/06/18,708.0,1045.0,783.0330072540083
16/06/18,711.25,945.0,782.2718053017893
17/06/18,711.25,945.0,782.6899339245211
18/06/18,707.67,945.0,782.8129412083844
19/06/18,686.5,945.0,783.8744743748715
20/06/18,686.5,945.0,782.6954912173203
21/06/18,686.5,945.0,782.6492816202002
22/06/18,600.0,945.0,781.691974037572
23/06/18,709.23,945.0,783.147172225149
24/06/18,709.09,945.0,783.592053141815
25/06/18,709.09,945.0,783.6002665201823
26/06/18,708.42,945.0,783.0378384976774
27/06/18,712.45,945.0,781.9128769129923
28/06/18,700.0,945.0,780.9413448052119
29/06/18,700.0,945.0,779.2825509909816
30/06/18,673.0,945.0,780.5370264826594
01/07/18,673.0,945.0,780.6739184405353
02/07/18,673.0,945.0,780.6739184405353
03/07/18,709.0,945.0,781.5436721075149
04/07/18,715.0,945.0,781.5986476588894
05/07/18,716.55,945.0,781.5119035162893
06/07/18,715.25,945.0,783.5849304199219
07/07/18,680.0,945.0,783.8900657186703
08/07/18,680.0,872.67,783.9368726942274
09/07/18,680.0,884.0,784.0258725039608
10/07/18,714.23,958.0,784.5198581935642
11/07/18,714.92,914.0,784.5574985080295
12/07/18,717.86,861.0,783.9856931898329
13/07/18,726.12,945.0,784.9726192079742
14/07/18,726.75,945.0,785.8741545341384
15/07/18,729.88,999.0,786.20461972993
16/07/18,726.0,999.0,785.7876026728381
17/07/18,723.29,999.0,784.7204821356412
18/07/18,723.29,999.0,785.097832099541
19/07/18,722.33,999.0,785.0348599751791
20/07/18,723.0,999.0,785.659451837409
21/07/18,700.0,999.0,785.4674147002551
22/07/18,700.0,999.0,786.9335179822199
23/07/18,698.5,999.0,785.6029883490669
24/07/18,692.0,999.0,786.8626534598214
25/07/18,669.0,999.0,786.317193018247
26/07/18,669.0,875.0,785.3059850160768
27/07/18,700.0,875.0,786.1052366503242
28/07/18,700.0,875.0,786.8537824476088
29/07/18,700.0,875.0,787.7760545380262
30/07/18,700.0,900.0,789.3326039771512
31/07/18,700.0,980.0,792.1251394483778
01/08/18,720.0,980.0,791.9648633983037
02/08/18,722.25,980.0,792.4160550694887
03/08/18,722.25,980.0,793.0709471831451
04/08/18,722.25,980.0,793.4353674562185
05/08/18,710.0,980.0,793.7121984863281
06/08/18,710.0,999.0,795.9060260696916
07/08/18,710.0,999.0,795.4719986454134
08/08/18,720.0,999.0,795.3212894562752
09/08/18,720.0,999.0,796.5217180191331
10/08/18,729.83,999.0,794.1119236090244
11/08/18,728.2,999.0,795.7126118848279
12/08/18,729.75,999.0,795.9089798653961
13/08/18,729.83,999.0,795.9855056955845
14/08/18,729.83,999.0,796.5372493743896
15/08/18,729.83,999.0,797.1386791685093
16/08/18,729.83,970.0,796.7657225027025
17/08/18,729.83,970.0,797.2899996600573
18/08/18,729.83,970.0,798.0534965515137
19/08/18,729.83,900.0,797.2721983711674
20/08/18,730.0,900.0,798.4305638727152
21/08/18,730.0,949.0,798.6724998474122
22/08/18,730.0,975.0,799.4292014654428
23/08/18,730.0,975.0,798.6955214424368
24/08/18,730.0,975.0,798.1567895206405
25/08/18,730.0,975.0,798.9637650854794
26/08/18,730.0,975.0,798.0189432653581
27/08/18,730.0,975.0,798.4999382113233
28/08/18,720.0,1048.0,798.8189501350308
29/08/18,720.0,1048.0,799.1214810595101
30/08/18,720.0,1048.0,800.5758378875922
31/08/18,728.7,975.0,799.6535629272461
01/09/18,728.7,868.0,798.4021247863769
02/09/18,730.0,868.0,799.3174381256104
03/09/18,729.67,898.0,799.7638592297518
04/09/18,722.25,898.0,799.8677213644679
05/09/18,722.25,900.0,801.3100006103516
06/09/18,736.2,964.0,802.9658130645752
07/09/18,729.64,964.0,804.2203746795655
08/09/18,729.64,964.0,805.7670382275993
09/09/18,722.5,964.0,806.4058279961896
10/09/18,722.5,964.0,806.870246793017
11/09/18,728.43,964.0,806.2310366746856
12/09/18,721.08,964.0,807.5458189068419
13/09/18,728.93,964.0,807.5466660999116
14/09/18,730.0,964.0,807.7901797722914
15/09/18,730.0,964.0,807.6189202405735
16/09/18,730.0,950.0,807.502119214607
17/09/18,730.0,903.33,807.1147846619775
18/09/18,730.0,930.0,809.1901218905771
19/09/18,730.0,930.0,809.0157314393579
20/09/18,730.0,900.0,810.384295317293
21/09/18,730.0,1064.0,813.297080093289
22/09/18,748.83,1064.0,815.8906871795655
23/09/18,749.62,1064.0,816.8894382476807
24/09/18,750.0,1064.0,817.050932131939
25/09/18,750.31,1064.0,817.3718116760253
26/09/18,750.31,1064.0,818.7653125762939
27/09/18,751.0,1064.0,819.6479354858399
28/09/18,757.21,1064.0,821.5186494230493
29/09/18,756.68,1064.0,823.5868482185133
30/09/18,758.28,1064.0,825.0246946753525
01/10/18,758.36,1064.0,826.0112715287642
02/10/18,759.91,1064.0,826.9470450160015
03/10/18,764.0,1064.0,828.7529513807182
04/10/18,764.0,1064.0,831.5924267289201
05/10/18,765.29,1064.0,833.383352840648
06/10/18,768.38,1064.0,834.9378351579633
07/10/18,769.12,1064.0,835.8120484826161
08/10/18,769.12,1064.0,835.7925161618239
09/10/18,765.67,1064.0,840.2815194827074
10/10/18,765.67,1064.0,841.4990001005285
11/10/18,769.0,1064.0,845.202516790022
12/10/18,769.0,1064.0,849.953428780692
13/10/18,770.0,1050.0,851.2979997907366
14/10/18,770.0,1064.0,853.7594297572545
15/10/18,770.0,1064.0,854.1080580357143
16/10/18,770.0,1064.0,855.3039663029813
17/10/18,770.0,1082.0,857.3933908925892
18/10/18,770.0,1082.0,859.1827685684808
19/10/18,781.29,1082.0,860.9744631664901
20/10/18,787.0,1082.0,862.1423048383734
21/10/18,787.0,1082.0,862.9823611827379
22/10/18,787.0,1082.0,862.408182664351
23/10/18,789.33,1082.0,863.1135222695091
24/10/18,749.0,1082.0,864.7024141804555
25/10/18,749.0,1082.0,865.6006730326106
26/10/18,749.0,1082.0,865.6535180800454
27/10/18,749.0,1064.0,865.4312349812368
28/10/18,749.0,1064.0,865.5083049192267
29/10/18,749.0,1064.0,865.3429150390625
30/10/18,749.0,1064.0,867.7105712890625
31/10/18,749.0,1064.0,868.3242867606027
01/11/18,791.0,1064.0,867.5006305803571
02/11/18,791.0,1064.0,867.1075560829856
03/11/18,749.0,1064.0,866.2520457181064
04/11/18,791.0,1064.0,866.8252275640315
05/11/18,791.0,1064.0,866.8172004045759
06/11/18,791.0,1064.0,865.4986803778287
07/11/18,776.0,1064.0,865.1700586779364
08/11/18,776.0,1064.0,865.8498849051339
09/11/18,776.0,1064.0,864.6287943522135
10/11/18,791.0,1064.0,864.844998414489
11/11/18,791.0,1064.0,865.2262439176526
12/11/18,791.0,1064.0,865.2935102139301
13/11/18,791.0,1064.0,865.2282672507225
14/11/18,791.0,1064.0,864.6460116171423
15/11/18,791.0,1064.0,864.5574726674748
16/11/18,776.0,1064.0,864.0280348937636
17/11/18,776.0,1064.0,864.2325260556977
18/11/18,776.0,1064.0,863.1532161318023
19/11/18,798.0,1064.0,863.3294835583918
20/11/18,791.0,1064.0,862.8816100372666
21/11/18,791.0,1064.0,861.7991971421516
22/11/18,791.0,1064.0,860.6652580915179
23/11/18,776.0,1064.0,859.2026293945313
24/11/18,776.0,1064.0,857.9683991350446
25/11/18,776.0,1064.0,857.986971609933
26/11/18,791.0,1064.0,858.8050285993304
27/11/18,791.0,1064.0,857.2198265338766
28/11/18,776.0,1064.0,855.3027003496543
29/11/18,776.0,1064.0,854.9253159877233
30/11/18,776.0,1064.0,855.6973894292659
01/12/18,791.0,1064.0,854.0188705530544
02/12/18,791.0,1064.0,853.3568932484773
03/12/18,791.0,1064.0,852.3954816053142
04/12/18,789.0,1064.0,851.1352261629971
05/12/18,780.0,1064.0,849.6081816933372
06/12/18,790.22,1064.0,848.7284084666859
07/12/18,753.25,1064.0,847.480451163599
08/12/18,746.0,1064.0,846.2835764964866
09/12/18,746.0,1064.0,845.5575421722242
10/12/18,746.0,1064.0,843.5771343788405
11/12/18,746.0,1064.0,843.7772484254301
12/12/18,746.0,1064.0,841.5291072909392
13/12/18,700.0,1064.0,838.9125714009034
14/12/18,700.0,1064.0,836.9565937745505
15/12/18,700.0,1064.0,835.4162573787753
16/12/18,746.0,1064.0,835.4298324158738
17/12/18,746.0,1064.0,835.6086586041157
18/12/18,746.0,1064.0,833.7453932172797
19/12/18,736.67,1064.0,832.568194545595
20/12/18,736.67,1064.0,831.2772463680653
21/12/18,746.0,1064.0,828.838982706016
22/12/18,746.0,1050.0,828.0827533850509
23/12/18,730.67,1050.0,827.3563479305653
24/12/18,730.67,1050.0,826.452428785421
25/12/18,722.0,1050.0,824.1241465481845
26/12/18,722.0,1050.0,822.7147716175426
27/12/18,721.75,1050.0,819.4918826729911
28/12/18,721.75,1050.0,816.8721001364968
29/12/18,722.0,1050.0,814.7153106517037
30/12/18,708.86,1050.0,813.9545760504943
31/12/18,717.0,1028.0,811.8651684847745
01/01/19,717.0,1028.0,808.7533513849431
02/01/19,717.43,1028.0,808.5944307500666
03/01/19,688.0,1028.0,808.2371014681729
04/01/19,688.0,1028.0,807.6727853254838
05/01/19,688.0,1028.0,807.138581015847
06/01/19,688.0,1028.0,806.793201032366
07/01/19,688.0,1028.0,805.1256910302174
08/01/19,673.0,1028.0,799.1270163017407
09/01/19,642.0,1028.0,795.2515618649521
10/01/19,697.33,1028.0,792.8819750408794
11/01/19,643.0,882.0,771.7551228087625
12/01/19,678.5,882.0,771.8219397342566
13/01/19,678.5,882.0,773.0750000735363
14/01/19,678.5,882.0,773.2856629153332
15/01/19,678.5,882.0,774.0926614795211
16/01/19,678.5,882.0,773.8975894703584
17/01/19,678.5,882.0,773.8730598000919
18/01/19,689.43,882.0,773.08804808848
19/01/19,689.43,882.0,771.200652173285
20/01/19,689.43,882.0,770.1883418517705
21/01/19,675.82,882.0,770.6082524678793
22/01/19,676.0,882.0,771.3647289161911
23/01/19,676.0,882.0,769.6441997099205
24/01/19,676.0,882.0,768.6943778314534
25/01/19,676.0,882.0,768.7846748306906
26/01/19,676.0,882.0,769.00029296875
27/01/19,679.77,882.0,768.5809380026425
28/01/19,679.77,895.0,768.9610039524778
29/01/19,681.21,882.0,767.9235511192909
30/01/19,682.5,898.0,768.4070174010874
31/01/19,680.0,983.0,769.7838152405843
01/02/19,680.0,983.0,770.096936176278
02/02/19,680.0,983.0,770.7010402789695
03/02/19,667.77,983.0,770.9760689266844
04/02/19,667.77,983.0,771.0376879741691
05/02/19,666.5,983.0,771.1522085500318
06/02/19,666.5,983.0,770.5870165016219
07/02/19,666.5,983.0,769.9618130511011
08/02/19,666.5,983.0,769.1650577320772
09/02/19,668.08,983.0,769.2381649581638
10/02/19,668.45,983.0,768.9487649356618
11/02/19,668.45,983.0,767.5820724216438
12/02/19,670.09,983.0,765.3452380952381
13/02/19,670.09,983.0,765.5822940602022
14/02/19,669.58,983.0,766.4609357153463
15/02/19,669.58,983.0,767.8908680822119
16/02/19,671.92,983.0,769.0297707744029
17/02/19,671.92,983.0,769.899425638133
18/02/19,671.92,983.0,769.724138632588
19/02/19,671.31,983.0,768.7288509675826
20/02/19,671.31,983.0,769.195113609577
21/02/19,671.31,983.0,768.8320684323365
22/02/19,650.0,983.0,768.8810281808036
23/02/19,650.0,983.0,768.9505709402902
24/02/19,650.0,983.0,767.667585701778
25/02/19,650.0,983.0,766.4009233596008
26/02/19,650.0,983.0,766.6435825590453
27/02/19,650.0,983.0,765.8176290699512
28/02/19,650.0,983.0,766.212196305997
01/03/19,650.0,983.0,767.7923239774482
02/03/19,650.0,983.0,768.8388421383896
03/03/19,500.0,983.0,768.6561479239629
04/03/19,500.0,983.0,768.7408709858739
05/03/19,500.0,983.0,769.4883713833121
06/03/19,500.0,983.0,769.725343199982
07/03/19,500.0,983.0,770.9699428013392
08/03/19,676.4,983.0,773.1783429827009
09/03/19,682.47,1019.0,774.0779885478404
10/03/19,681.53,1019.0,774.0718600250954
11/03/19,681.53,1019.0,772.7892348345588
12/03/19,673.67,1019.0,772.9389996696921
13/03/19,673.67,1019.0,772.8557314510234
14/03/19,673.67,1019.0,774.6117227488551
15/03/19,666.69,1019.0,774.4802898781837
16/03/19,668.42,1019.0,774.2712796233421
17/03/19,669.17,1019.0,774.7974857084932
18/03/19,669.0,1019.0,774.6063749971446
19/03/19,669.0,982.5,774.4743277566474
20/03/19,669.0,982.5,775.6855812959893
21/03/19,669.0,982.5,776.5604074167651
22/03/19,669.0,982.5,776.7749126947414
23/03/19,669.0,982.5,779.4173414638277
24/03/19,669.0,982.0,779.9901758679272
25/03/19,679.67,982.5,779.8540467761811
26/03/19,679.67,1019.0,780.1587639303768
27/03/19,692.57,1019.0,781.2597652659697
28/03/19,692.57,1019.0,782.2105245311358
29/03/19,692.57,1019.0,782.4767061121323
30/03/19,692.57,1019.0,785.54941789494
31/03/19,692.57,1019.0,785.2547671295875
01/04/19,692.57,1019.0,784.8907545222793
02/04/19,694.0,1019.0,785.7587202205215
03/04/19,694.0,1019.0,786.0441851948583
04/04/19,694.0,1019.0,786.1773262911065
05/04/19,694.0,982.67,784.7794146621436
06/04/19,688.67,982.5,785.3232553171557
07/04/19,688.67,982.5,785.5262357823989
08/04/19,688.67,982.5,785.7994607708412
09/04/19,688.67,982.5,782.672060324929
10/04/19,694.0,982.5,783.3440974591726
11/04/19,694.0,982.5,784.1714371549868
12/04/19,694.0,982.5,783.0921212861032
13/04/19,694.0,1019.0,785.7118781812263
14/04/19,694.0,1019.0,786.8474091679217
15/04/19,694.0,1019.0,786.3275626577982
16/04/19,694.0,1019.0,787.5320005474669
17/04/19,694.0,1019.0,788.5693980757012
18/04/19,694.0,1019.0,788.8515754468514
19/04/19,694.0,1019.0,788.4599992705555
20/04/19,700.0,1019.0,789.7053337328362
21/04/19,700.0,1019.0,791.188394052011
22/04/19,700.0,1019.0,791.9494440526138
23/04/19,694.0,982.5,790.2701227635513
24/04/19,694.0,982.5,791.1181459780092
25/04/19,694.0,982.5,791.628022370515
26/04/19,694.0,983.0,791.4148406022749
27/04/19,685.0,983.0,792.9721855163574
28/04/19,685.0,983.0,793.8626251220703
29/04/19,685.0,983.0,794.8450618743897
30/04/19,685.0,890.0,794.2908078780085
01/05/19,700.0,900.0,796.1981371767032
02/05/19,700.0,900.0,796.6814283288044
03/05/19,700.0,900.0,797.8424991607666
04/05/19,700.0,988.0,800.6264599154455
05/05/19,700.0,988.0,801.4181708359137
06/05/19,700.0,988.0,802.005366627763
07/05/19,700.0,988.0,802.4164633402011
08/05/19,700.0,988.0,803.9057048025306
09/05/19,700.0,988.0,804.1045682930652
10/05/19,700.0,988.0,803.8836712414706
11/05/19,660.0,988.0,803.9736183568051
12/05/19,660.0,988.0,804.4514469347502
13/05/19,660.0,988.0,803.66
14/05/19,660.0,982.5,802.0411991373697
15/05/19,700.0,900.0,803.6322639973959
16/05/19,688.67,900.0,804.5847326660156
17/05/19,688.67,900.0,804.3947655594588
18/05/19,700.0,983.0,804.8973151085361
19/05/19,700.0,983.0,804.7968960466056
20/05/19,700.0,983.0,804.9452723672945
21/05/19,700.0,983.0,808.0897229424838
22/05/19,700.0,983.0,809.2585620618846
23/05/19,700.0,983.0,808.4087169750317
24/05/19,700.0,983.0,807.9293111866918
25/05/19,688.67,983.0,808.6195891915935
26/05/19,688.67,983.0,809.0914954360651
27/05/19,700.0,983.0,809.3406207906788
28/05/19,700.0,983.0,810.0995311353031
29/05/19,700.0,983.0,811.2038412536217
30/05/19,700.0,983.0,810.8758932959954
31/05/19,660.0,983.0,809.4968398244757
01/06/19,700.0,983.0,810.2639477378443
02/06/19,700.0,983.0,810.7038570229524
03/06/19,700.0,983.0,810.219408135665
04/06/19,700.0,983.0,809.4260928930826
05/06/19,700.0,983.0,810.2876009114583
06/06/19,700.0,983.0,812.1457507563572
07/06/19,700.0,983.0,812.5134205065275
08/06/19,700.0,983.0,812.7071139956481
09/06/19,700.0,983.0,812.3253677675388
10/06/19,700.0,983.0,812.867971471838
11/06/19,730.0,983.0,815.5513503615921
12/06/19,730.0,983.0,815.77155407055
13/06/19,730.0,983.0,815.8484250421393
14/06/19,726.0,983.0,815.5785717607356
15/06/19,700.0,983.0,814.3129456402504
16/06/19,700.0,983.0,813.5560689991918
17/06/19,700.0,983.0,813.2324994061444
18/06/19,700.0,983.0,814.3774131723002
19/06/19,700.0,982.5,813.9062077142055
20/06/19,700.0,982.5,814.1397385940053
21/06/19,700.0,982.5,814.3904509513609
22/06/19,700.0,982.5,812.7639353106099
23/06/19,700.0,982.5,812.7639353106099
24/06/19,600.0,982.5,811.4163640009892
25/06/19,600.0,982.5,812.1060128804125
26/06/19,600.0,982.5,811.780584558264
27/06/19,600.0,982.5,811.9020916309232
28/06/19,600.0,982.5,813.0015587744775
29/06/19,600.0,982.5,813.3494849420363
30/06/19,600.0,1059.0,815.008644547001
01/07/19,714.5,1059.0,815.5305268137079
02/07/19,688.67,1059.0,817.2416341943679
03/07/19,688.67,1059.0,816.9652295081444
04/07/19,688.67,1059.0,816.5599361271053
05/07/19,688.67,1059.0,816.6281943044355
06/07/19,688.67,1059.0,815.787208854378
07/07/19,688.67,1059.0,815.3804584577972
08/07/19,717.33,1059.0,815.2991457487408
09/07/19,700.0,1059.0,814.2582670084636
10/07/19,700.0,983.0,812.4288503286001
11/07/19,717.33,982.5,811.8374992576805
12/07/19,723.93,982.5,810.9306075637405
13/07/19,728.31,982.5,811.1831071183489
14/07/19,730.87,982.5,811.624761672247
15/07/19,730.87,982.5,811.0935854155442
16/07/19,730.87,982.5,812.687654061153
17/07/19,730.87,982.0,812.0607590247845
18/07/19,730.87,982.0,812.8838085771418
19/07/19,729.0,982.0,812.8373981632599
20/07/19,728.62,982.0,811.2731942070855
21/07/19,728.62,982.0,811.3712325422731
22/07/19,728.62,982.0,811.1828280744882
23/07/19,724.53,920.0,810.8644218185322
24/07/19,717.71,920.0,811.4570662434896
25/07/19,717.71,920.0,811.8541456523694
26/07/19,717.71,900.0,810.0062255859375
27/07/19,717.71,900.0,809.8418962067249
28/07/19,720.31,900.0,809.5415802001953
29/07/19,720.31,900.0,809.7311255852908
30/07/19,696.0,912.5,809.7246759588069
31/07/19,696.0,912.5,809.6074202998992
01/08/19,696.0,912.5,809.1533774600667
02/08/19,696.0,912.5,809.4629948124004
03/08/19,600.0,912.5,808.6689822446009
04/08/19,600.0,918.0,809.2064151404039
05/08/19,600.0,918.0,809.1208810866254
06/08/19,600.0,947.0,810.3669387817383
07/08/19,600.0,947.0,810.52704164517
08/08/19,600.0,947.0,810.7526863098144
09/08/19,700.0,947.0,813.6455881817741
10/08/19,700.0,947.0,814.0664375305175
11/08/19,700.0,947.0,814.6418750762939
12/08/19,700.0,946.5,814.9410692130995
13/08/19,700.0,946.5,814.6724523388365
14/08/19,700.0,946.5,814.2398135736122
15/08/19,700.0,946.5,815.1990122853974
16/08/19,700.0,946.0,814.3142501831055
17/08/19,700.0,946.0,814.3230636596679
18/08/19,700.0,946.0,813.5925788159641
19/08/19,700.0,946.0,812.9105688167524
20/08/19,700.0,1000.0,813.562342003931
21/08/19,700.0,1000.0,814.6157505035401
22/08/19,700.0,1000.0,814.557207000922
23/08/19,700.0,1000.0,814.1423110961914
24/08/19,700.0,1000.0,814.7172047869759
25/08/19,700.0,1000.0,814.6375310450425
26/08/19,700.0,1000.0,815.0690740891445
27/08/19,700.0,1000.0,815.3396915388696
28/08/19,700.0,1000.0,815.8690193035851
29/08/19,700.0,1000.0,816.0190197529237
30/08/19,700.0,946.0,814.9757426697531
31/08/19,700.0,954.5,815.6516052999614
01/09/19,700.0,954.5,816.3448757595486
02/09/19,700.0,954.5,816.1626097874612
03/09/19,700.0,988.0,816.9879864948551
04/09/19,700.0,988.0,816.8699382009681
05/09/19,700.0,988.0,817.1366049684124
06/09/19,700.0,988.0,815.9691924101078
07/09/19,700.0,988.0,815.9367706109279
08/09/19,700.0,988.0,815.9689380645752
09/09/19,700.0,988.0,815.584001159668
10/09/19,700.0,988.0,814.608500289917
11/09/19,700.0,988.0,814.4634789887423
12/09/19,700.0,988.0,815.0806198593992
13/09/19,700.0,952.0,813.7892988654459
14/09/19,700.0,952.0,813.236816017491
15/09/19,700.0,952.0,812.5000660890227
16/09/19,700.0,954.0,812.2812283423639
17/09/19,700.0,954.0,811.9100008877841
18/09/19,700.0,954.0,813.7025934533228
19/09/19,700.0,965.0,815.0318524395979
20/09/19,700.0,965.0,814.8583325044608
21/09/19,700.0,965.0,814.8548742223669
22/09/19,700.0,965.0,814.7212946385513
23/09/19,700.0,965.0,814.9529614860629
24/09/19,700.0,965.0,816.5524385033584
25/09/19,700.0,965.0,817.2266664447206
26/09/19,700.0,965.0,818.0394553444602
27/09/19,700.0,968.0,819.2380004882813
28/09/19,700.0,982.0,821.5812657367752
29/09/19,700.0,982.0,821.759697561553
30/09/19,700.0,982.0,822.595150519274
01/10/19,700.0,982.0,823.2976055944752
02/10/19,700.0,982.0,823.3500602358863
03/10/19,700.0,982.0,824.0252082418408
04/10/19,700.0,982.0,823.6957996977857
05/10/19,700.0,997.0,824.5636846531204
06/10/19,700.0,997.0,824.6840117698492
07/10/19,700.0,997.0,824.5198271995367
08/10/19,700.0,997.0,824.5198271995367
09/10/19,700.0,997.0,824.9529653149982
10/10/19,700.0,997.0,824.9462794813999
11/10/19,700.0,997.0,825.6131062123967
12/10/19,700.0,997.0,824.6881033360273
13/10/19,700.0,997.0,823.9385552378748
14/10/19,700.0,997.0,824.2646244468027
15/10/19,700.0,988.0,822.9514042369107
16/10/19,700.0,988.0,822.9583051358051
17/10/19,700.0,988.0,822.4101790027505
18/10/19,700.0,969.0,823.2015798468339
19/10/19,700.0,969.0,823.1218254538144
20/10/19,700.0,969.0,823.0129833556058
21/10/19,700.0,969.0,822.4894689223346
22/10/19,700.0,969.0,823.1282941032858
23/10/19,700.0,969.0,822.0862573099415
24/10/19,700.0,969.0,822.121520639163
25/10/19,700.0,969.0,820.7244216564089
26/10/19,700.0,968.5,820.4997118572857
27/10/19,700.0,968.5,820.4099417346263
28/10/19,700.0,968.5,820.4434692382813
29/10/19,746.0,968.5,821.0676608615452
30/10/19,700.0,968.5,819.7689417221967
31/10/19,700.0,968.5,819.8032772666529
01/11/19,500.0,968.5,817.4187879617504
02/11/19,500.0,968.5,817.3004082968068
03/11/19,500.0,968.5,816.9642472378043
04/11/19,500.0,968.5,815.9783057497259
05/11/19,500.0,968.5,816.1366684227659
06/11/19,700.0,900.0,815.732544667622
07/11/19,700.0,997.0,816.825117953988
08/11/19,700.0,973.5,817.0190062048839
09/11/19,700.0,973.5,817.2805275721856
10/11/19,700.0,973.5,817.6427505225466
11/11/19,700.0,973.5,819.261579547012
12/11/19,700.0,973.5,819.6823137757406
13/11/19,700.0,973.5,818.5596546327448
14/11/19,700.0,973.5,820.2682861328125
15/11/19,700.0,973.5,820.6931076480844
16/11/19,637.0,973.5,818.8802271756259
17/11/19,700.0,973.5,818.7032761847836
18/11/19,700.0,997.0,818.646379141972
19/11/19,700.0,997.0,819.503792247553
20/11/19,700.0,997.0,819.9196597012607
21/11/19,700.0,997.0,819.8499991677024
22/11/19,700.0,997.0,819.8529538241299
23/11/19,700.0,997.0,820.1598295731978
24/11/19,700.0,997.0,819.1697719029017
25/11/19,700.0,997.0,818.7391374960713
26/11/19,700.0,1050.0,820.7934835379464
27/11/19,700.0,1050.0,820.502766582252
28/11/19,700.0,1050.0,821.2890443266108
29/11/19,700.0,1050.0,820.6863286077639
30/11/19,700.0,1050.0,820.7002249679997
01/12/19,700.0,1050.0,819.2912507490678
02/12/19,700.0,1050.0,819.2525586214932
03/12/19,700.0,1050.0,818.9725026217374
04/12/19,700.0,1050.0,819.2525431315104
05/12/19,700.0,1050.0,819.8190959348517
06/12/19,700.0,968.5,817.060000332919
07/12/19,700.0,968.5,817.836477799849
08/12/19,700.0,968.5,817.1611355868253
09/12/19,700.0,968.5,816.7948570033482
10/12/19,700.0,968.5,817.3412001255581
11/12/19,700.0,968.5,817.4905178026221
12/12/19,700.0,968.5,818.3297732960094
13/12/19,700.0,968.5,818.0313068736683
14/12/19,700.0,969.0,817.8580569893974
15/12/19,700.0,968.5,817.3443443080357
16/12/19,700.0,968.0,818.0575287917565
17/12/19,700.0,968.0,815.8979306275817
18/12/19,700.0,968.0,816.8978864397321
19/12/19,700.0,979.5,817.8831259987571
20/12/19,700.0,968.33,817.2882957458496
21/12/19,700.0,968.33,817.0912437654484
22/12/19,700.0,968.33,816.9212590680803
23/12/19,700.0,968.33,816.5399443527748
24/12/19,700.0,968.33,816.5372258004426
25/12/19,700.0,990.0,818.3750867898754
26/12/19,700.0,990.0,818.3930625254019
27/12/19,700.0,990.0,818.6295963353505
28/12/19,700.0,968.33,818.1420221053107
29/12/19,700.0,968.5,818.344797828983
30/12/19,700.0,968.5,818.5848865728269
31/12/19,700.0,969.0,818.240573576127
01/01/20,700.0,968.5,817.7805671691895
02/01/20,700.0,968.5,817.7442592274059
03/01/20,700.0,968.5,816.7447145635432
04/01/20,700.0,968.5,815.6765715680804
05/01/20,700.0,968.5,815.5231420898438
06/01/20,700.0,968.5,815.5107421875
07/01/20,700.0,968.5,814.2212139857297
08/01/20,700.0,968.5,814.4501767521016
09/01/20,700.0,968.5,814.5239328373374
10/01/20,700.0,968.5,813.66046213139
11/01/20,700.0,955.0,808.2543218165268
12/01/20,700.0,955.0,809.8992028733704
13/01/20,700.0,955.0,810.5842178528568
14/01/20,700.0,955.0,811.3986158256071
15/01/20,700.0,955.0,811.9884530930292
16/01/20,700.0,1000.0,813.3991688319614
17/01/20,700.0,1000.0,814.4661327543713
18/01/20,700.0,955.0,813.8120244344076
19/01/20,700.0,955.0,813.5489942561945
20/01/20,700.0,955.0,812.6965097280649
21/01/20,700.0,955.0,812.3972950654871
22/01/20,700.0,955.0,812.7541283895803
23/01/20,700.0,955.0,813.0604636131684
24/01/20,700.0,955.0,813.9610408716808
25/01/20,700.0,955.0,813.5928486668786
26/01/20,700.0,955.0,813.4595311928911
27/01/20,700.0,955.0,812.9163894201877
28/01/20,700.0,950.0,811.6706579516748
29/01/20,700.0,950.0,811.6351477267474
30/01/20,700.0,927.0,811.7289294288272
31/01/20,700.0,927.0,811.7204771496001
01/02/20,700.0,927.0,811.137303517964
02/02/20,700.0,927.0,811.206483783144
03/02/20,700.0,950.0,811.0550911558187
04/02/20,700.0,927.0,811.9671943478468
05/02/20,700.0,969.0,812.100352567785
06/02/20,700.0,969.0,811.6712930118337
07/02/20,700.0,969.0,811.3648214901195
08/02/20,700.0,969.0,810.6064700855928
09/02/20,700.0,969.0,809.5266464142029
10/02/20,700.0,1000.0,810.7679159981864
11/02/20,700.0,1000.0,810.0991665068127
12/02/20,700.0,1000.0,809.5897607860451
13/02/20,684.0,1000.0,808.1071450369699
14/02/20,684.0,1000.0,806.8741429797291
15/02/20,700.0,1000.0,807.772308169032
16/02/20,500.0,1000.0,805.5690115995185
17/02/20,500.0,1000.0,805.5575749323918
18/02/20,500.0,1000.0,804.4615980520756
19/02/20,500.0,1000.0,804.0017639160156
20/02/20,500.0,970.0,802.3424260066106
21/02/20,500.0,970.0,802.2543786404401
22/02/20,500.0,970.0,800.8260719662621
23/02/20,500.0,970.0,800.395773751395
24/02/20,500.0,969.0,798.9485106695266
25/02/20,675.0,969.0,797.6315975753513
26/02/20,696.67,969.0,797.7576322837695
27/02/20,700.0,969.0,797.745352711397
28/02/20,700.0,969.0,796.9211316789899
29/02/20,700.0,969.0,795.7777967907134
01/03/20,700.0,969.0,795.0668223661535
02/03/20,700.0,969.0,794.4365877039293
03/03/20,690.0,969.0,793.0648814481848
04/03/20,700.0,969.0,793.2554716222427
05/03/20,700.0,969.0,792.2080006318934
06/03/20,657.0,969.0,790.8987067727481
07/03/20,657.0,923.0,789.0523667194434
08/03/20,657.0,923.0,788.8388744105954
09/03/20,657.0,923.0,787.66797601609
10/03/20,693.5,923.0,785.788342718542
11/03/20,693.5,930.0,785.7229998420266
12/03/20,693.5,930.0,784.2773673074287
13/03/20,693.5,931.0,782.8643270570632
14/03/20,642.0,960.0,781.3673837351245
15/03/20,642.0,960.0,779.1002917622411
16/03/20,642.0,960.0,778.0297084161413
17/03/20,666.0,960.0,775.6618821088006
18/03/20,666.0,960.0,772.5804113051471
19/03/20,666.0,931.0,770.3044462148209
20/03/20,670.0,931.0,768.3787048339843
21/03/20,670.0,931.0,764.6393483178855
22/03/20,670.0,931.0,762.5373372636603
23/03/20,670.0,909.0,758.7924397786459
24/03/20,645.33,923.0,754.9538592065287
25/03/20,655.0,923.0,750.8269209099944
26/03/20,649.0,923.0,748.4678684212047
27/03/20,564.0,909.0,744.1988819795496
28/03/20,564.0,927.0,740.9981660560743
29/03/20,564.0,927.0,737.0830953688849
30/03/20,564.0,927.0,736.9163467498596
31/03/20,494.0,927.0,734.0677519126757
01/04/20,494.0,927.0,732.8712341308594
02/04/20,494.0,927.0,732.5242349063649
03/04/20,564.0,927.0,728.6079170590356
04/04/20,564.0,927.0,725.4360954690967
05/04/20,564.0,909.0,722.0773651671267
06/04/20,564.0,909.0,719.889762101773
07/04/20,564.0,909.0,715.0445821852911
08/04/20,571.0,909.0,712.2991067795526
09/04/20,447.0,909.0,708.6714880807059
10/04/20,434.0,909.0,702.3905994164015
11/04/20,434.0,909.0,698.0519879812217
12/04/20,434.0,909.0,693.9833726997836
13/04/20,434.0,909.0,690.4834531841856
14/04/20,434.0,909.0,684.457939009233
15/04/20,434.0,909.0,682.724250839142
16/04/20,423.0,837.0,680.5010835578643
17/04/20,423.0,855.25,676.3437719287987
18/04/20,423.0,855.25,672.6461435340973
19/04/20,423.0,970.0,671.2279238817168
20/04/20,423.0,970.0,669.9360726011312
21/04/20,423.0,867.75,665.5657136336616
22/04/20,423.0,867.75,663.9832509046684
23/04/20,519.17,867.75,662.264087211795
24/04/20,519.17,867.75,660.6392039667609
25/04/20,513.67,867.75,655.462946043424
26/04/20,504.55,837.0,653.1887115291291
27/04/20,504.55,837.0,649.4708641899956
28/04/20,492.83,837.0,646.4791917504731
29/04/20,485.83,837.0,643.8905586574389
30/04/20,501.73,837.0,641.8598776870633
01/05/20,430.0,837.0,638.2402509689331
02/05/20,430.0,835.0,633.9836964212406
03/05/20,430.0,835.0,631.8461161813918
04/05/20,430.0,835.0,625.7668183562043
05/05/20,430.0,835.0,624.2380128518129
06/05/20,430.0,835.0,623.7906454763105
07/05/20,430.0,835.0,622.4758979601738
08/05/20,439.0,835.0,621.4425151209678
09/05/20,439.0,835.0,615.0825167748236
10/05/20,439.0,797.0,608.3880543548789
11/05/20,439.0,797.0,606.0093199022773
12/05/20,439.0,797.0,603.9352345306602
13/05/20,439.0,797.0,603.6066213443579
14/05/20,439.0,797.0,601.4970387910541
15/05/20,428.0,797.0,597.3421995035807
16/05/20,428.0,820.0,597.492419473486
17/05/20,360.0,820.0,595.6711110632403
18/05/20,408.0,820.0,594.1831806511279
19/05/20,428.0,820.0,592.2587581459993
20/05/20,428.0,820.0,590.9525336723823
21/05/20,428.0,820.0,590.962321422946
22/05/20,428.0,820.0,589.8329030682963
23/05/20,428.0,820.0,588.5265152469758
24/05/20,428.0,820.0,587.8214933717405
25/05/20,428.0,820.0,588.4076154089921
26/05/20,428.0,820.0,588.5126789566738
27/05/20,428.0,820.0,587.3877916212206
28/05/20,414.67,820.0,588.8850979712702
29/05/20,415.5,820.0,589.8233345380795
30/05/20,414.4,820.0,593.2501975611636
31/05/20,423.5,820.0,592.4223842999793
01/06/20,423.5,970.0,592.6564013671875
02/06/20,437.8,970.0,596.4318548543564
03/06/20,437.8,970.0,600.2764221595612
04/06/20,440.0,970.0,602.0894068667764
05/06/20,440.0,837.0,600.1443441290604
06/06/20,440.0,837.0,601.4325493706597
07/06/20,440.0,837.0,601.6626500009701
08/06/20,440.0,837.0,600.3768660481771
09/06/20,440.0,850.0,606.5033108540719
10/06/20,440.0,850.0,607.88914938534
11/06/20,440.0,840.0,609.4591489305683
12/06/20,455.0,840.0,611.901932779948
13/06/20,475.15,840.0,614.3394675699869
14/06/20,475.15,840.0,614.070600382487
15/06/20,472.69,840.0,614.9772305875211
16/06/20,440.0,840.0,615.493042610787
17/06/20,440.0,840.0,615.6178378543339
18/06/20,440.0,840.0,616.5681877392251
19/06/20,440.0,840.0,615.6106799897693
20/06/20,440.0,840.0,615.6106799897693
21/06/20,440.0,840.0,614.1096534729004
22/06/20,440.0,840.0,614.5681122466401
23/06/20,440.0,840.0,616.8811267261774
24/06/20,440.0,840.0,619.3634008290817
25/06/20,440.0,850.0,621.3967801292471
26/06/20,492.0,850.0,624.9994637918152
27/06/20,492.0,845.0,626.1523807032579
28/06/20,500.2,845.0,627.1981510528146
29/06/20,499.45,845.0,628.7931946648491
30/06/20,506.91,845.0,631.0998641758749
01/07/20,506.4,840.0,635.2278000895183
02/07/20,508.12,840.0,635.8009330240885
03/07/20,505.0,840.0,635.7761840820312
04/07/20,506.8,900.0,636.9524015299479
05/07/20,513.45,900.0,637.3105338541667
06/07/20,513.45,900.0,636.8744310212616
07/07/20,514.67,900.0,636.1621077688117
08/07/20,514.67,900.0,636.994637394583
09/07/20,514.0,850.0,636.3441844267004
10/07/20,514.0,850.0,636.7798711603338
11/07/20,514.0,850.0,634.0328674316406
12/07/20,514.0,850.0,634.1987337239583
13/07/20,516.56,850.0,633.3682882230576
14/07/20,519.0,850.0,633.4002092149523
15/07/20,519.0,850.0,635.5829434329517
16/07/20,519.0,850.0,637.2059441643793
17/07/20,519.0,850.0,637.540199638213
18/07/20,519.0,850.0,637.3272292678421
19/07/20,519.0,800.0,636.8054735338366
20/07/20,519.0,830.0,638.9383876723731
21/07/20,521.67,820.0,640.8682354696435
22/07/20,523.45,837.0,641.2354907864839
23/07/20,523.45,837.0,641.40863512708
24/07/20,522.8,837.0,640.8926927615435
25/07/20,520.73,850.0,640.7067534211394
26/07/20,518.1,850.0,640.9474023596033
27/07/20,518.0,850.0,640.3181581999127
28/07/20,520.73,850.0,641.879150390625
29/07/20,516.0,850.0,644.5998724168347
30/07/20,516.0,850.0,642.4866452760334
31/07/20,516.0,850.0,641.8838858634803
01/08/20,525.27,853.0,644.280255165829
02/08/20,525.27,853.0,645.4487895601114
03/08/20,523.18,853.0,645.0145232571158
04/08/20,525.27,853.0,644.0733325664813
05/08/20,525.27,853.0,644.3675309193285
06/08/20,525.27,853.0,645.0061012124115
07/08/20,525.27,853.0,644.5769185000246
08/08/20,525.27,853.0,644.5687424761694
09/08/20,525.27,895.0,645.2832286206982
10/08/20,525.27,895.0,645.7020244356952
11/08/20,525.27,895.0,643.2496194960196
12/08/20,525.27,895.0,642.4406994862162
13/08/20,525.27,895.0,645.2929111915298
14/08/20,525.27,895.0,646.1543391005798
15/08/20,525.27,895.0,648.1633961995443
16/08/20,525.27,895.0,647.7367518722631
17/08/20,525.27,895.0,646.6181939894153
18/08/20,525.27,895.0,647.4414747189253
19/08/20,522.5,875.0,648.0608283364849
20/08/20,522.5,875.0,650.0553469867826
21/08/20,523.18,875.0,650.1683439023935
22/08/20,523.18,875.0,651.1567296737279
23/08/20,523.18,900.0,652.8503145421826
24/08/20,523.18,875.0,650.4979350428428
25/08/20,523.18,928.0,652.1691041604066
26/08/20,531.36,928.0,654.3363933321796
27/08/20,531.36,928.0,655.5743137359619
28/08/20,531.36,928.0,654.7175145119613
29/08/20,533.45,928.0,653.0874542804978
30/08/20,500.0,928.0,651.840312576294
31/08/20,535.91,928.0,650.4564942198914
01/09/20,531.36,928.0,653.4950954169984
02/09/20,535.91,928.0,651.7834625244141
03/09/20,541.0,928.0,650.2765814012097
04/09/20,533.56,895.0,647.8501293628246
05/09/20,440.0,895.0,645.0609032415574
06/09/20,440.0,895.0,643.4258068453881
07/09/20,440.0,895.0,644.9097430889423
08/09/20,440.0,895.0,643.6966245614799
09/09/20,440.0,900.0,644.7718124389648
10/09/20,440.0,900.0,643.7782489776612
11/09/20,440.0,900.0,642.4333747863769
12/09/20,440.0,900.0,643.0139366149903
13/09/20,440.0,900.0,642.9393135070801
14/09/20,440.0,900.0,642.3431896209717
15/09/20,440.0,900.0,642.533964720912
16/09/20,440.0,900.0,642.911133196369
17/09/20,440.0,900.0,642.2578627868269
18/09/20,440.0,900.0,643.1278617427034
19/09/20,440.0,900.0,642.226413558864
20/09/20,440.0,900.0,642.8415615081788
21/09/20,440.0,900.0,641.0988692757469
22/09/20,440.0,900.0,643.6655221014666
23/09/20,440.0,900.0,643.4216472346608
24/09/20,440.0,900.0,644.7470917672822
25/09/20,440.0,900.0,644.6736960671165
26/09/20,440.0,900.0,644.6000599254261
27/09/20,440.0,900.0,645.5403036722323
28/09/20,440.0,900.0,644.231911741657
29/09/20,440.0,900.0,646.0305501551716
30/09/20,440.0,900.0,645.9839645013576
01/10/20,440.0,900.0,646.0656375769413
02/10/20,440.0,900.0,645.1666252276649
03/10/20,440.0,900.0,644.1696938356739
04/10/20,440.0,900.0,642.957194258527
05/10/20,440.0,900.0,642.9284235174006
06/10/20,440.0,840.0,642.88916052173
07/10/20,440.0,840.0,642.6007792764082
08/10/20,440.0,835.0,644.6448803856259
09/10/20,440.0,846.0,642.7935725620815
10/10/20,440.0,882.0,643.8775136372042
11/10/20,440.0,882.0,643.3309533255441
12/10/20,440.0,882.0,643.54793029424
13/10/20,440.0,882.0,644.3165676861825
14/10/20,440.0,882.0,643.1395859577246
15/10/20,440.0,882.0,643.4001204812315
16/10/20,440.0,882.0,642.0970408422708
17/10/20,440.0,882.0,642.9059173764562
18/10/20,440.0,882.0,643.6226906581231
19/10/20,440.0,882.0,643.4519314236111
20/10/20,440.0,882.0,643.5441619343841
21/10/20,440.0,882.0,643.7624139895385
22/10/20,440.0,882.0,645.0708576311384
23/10/20,440.0,882.0,644.2385229630904
24/10/20,440.0,882.0,642.1802823341499
25/10/20,440.0,882.0,640.5644631251104
26/10/20,440.0,882.0,640.0606206689177
27/10/20,440.0,882.0,637.6149714006697
28/10/20,440.0,882.0,636.4542197519644
29/10/20,440.0,882.0,636.9406925267567
30/10/20,440.0,882.0,635.8062558536641
31/10/20,440.0,882.0,635.3697677523072
01/11/20,440.0,882.0,635.0707600911459
02/11/20,440.0,882.0,635.354012777639
03/11/20,440.0,882.0,635.7176151719204
04/11/20,440.0,900.0,635.7579650878906
05/11/20,440.0,900.0,635.5316768932894
06/11/20,440.0,900.0,634.3956326890266
07/11/20,440.0,900.0,637.9638071927158
08/11/20,440.0,900.0,637.3937488902699
09/11/20,440.0,900.0,638.0763992745535
10/11/20,440.0,900.0,636.9204655137173
11/11/20,500.0,900.0,636.4606369106756
12/11/20,500.0,900.0,636.35375694319
13/11/20,500.0,900.0,635.0216755949693
14/11/20,500.0,900.0,633.5265133231027
15/11/20,500.0,900.0,632.5842281668527
16/11/20,500.0,882.0,630.3848545317015
17/11/20,450.0,882.0,627.6795938181323
18/11/20,450.0,882.0,627.1841046107297
19/11/20,500.0,882.0,628.5174557018831
20/11/20,500.0,882.0,627.5620333649391
21/11/20,500.0,882.0,628.2968600960666
22/11/20,500.0,882.0,628.3969765596612
23/11/20,500.0,882.0,627.0159651549936
24/11/20,500.0,882.0,627.2016867704169
25/11/20,500.0,882.0,628.0628326945222
26/11/20,500.0,882.0,629.4899993024553
27/11/20,300.0,882.0,628.869150280279
28/11/20,300.0,882.0,629.9086512876361
29/11/20,300.0,882.0,629.5923612787483
30/11/20,300.0,882.0,630.6183711705582
01/12/20,300.0,882.0,630.0398881890801
02/12/20,300.0,882.0,630.0855620309209
03/12/20,300.0,900.0,630.4399983266766
04/12/20,300.0,900.0,630.4183709648219
05/12/20,300.0,900.0,630.844829773635
06/12/20,300.0,900.0,629.7192698275105
07/12/20,500.0,900.0,629.9546574679288
08/12/20,500.0,900.0,629.6413074840199
09/12/20,500.0,900.0,629.9825578169389
10/12/20,500.0,882.0,631.5603401877663
11/12/20,526.09,864.0,629.7410923749551
12/12/20,531.48,864.0,631.103543875558
13/12/20,531.05,828.0,632.1928006417411
14/12/20,531.45,864.0,632.7522858537947
15/12/20,534.43,864.0,633.9067431640625
16/12/20,534.13,819.33,635.2036933898926
17/12/20,537.17,819.33,636.3861923217773
18/12/20,540.0,900.0,639.9319758011123
19/12/20,540.0,900.0,641.6099446614584
20/12/20,540.54,900.0,643.5371755826271
21/12/20,540.54,900.0,644.7540110787429
22/12/20,540.5,900.0,647.6158747268936
23/12/20,544.77,900.0,650.1493788896981
24/12/20,544.94,900.0,652.1369473732124
25/12/20,544.06,900.0,655.8945760780808
26/12/20,541.25,900.0,656.5023155427922
27/12/20,547.12,900.0,656.8648012667726
28/12/20,547.12,900.0,656.5606814297763
29/12/20,554.12,900.0,659.0722718672318
30/12/20,556.0,909.0,661.5426136363636
31/12/20,558.75,909.0,663.7558524391868
01/01/21,562.81,930.0,667.8275698214601
02/01/21,562.81,930.0,666.9513138253349
03/01/21,562.81,930.0,667.4776865347272
04/01/21,556.4,930.0,667.568068833379
05/01/21,556.4,930.0,667.2616366559301
06/01/21,556.4,930.0,666.6909351014255
07/01/21,568.1,930.0,671.1333926847611
08/01/21,568.1,930.0,673.494855053852
09/01/21,569.67,930.0,674.9711633726608
10/01/21,578.4,930.0,677.5640348021747
11/01/21,578.4,918.0,672.509342033706
12/01/21,577.5,909.0,675.8655030741494
13/01/21,580.55,909.0,678.0356459673714
14/01/21,581.33,909.0,679.0032355813419
15/01/21,584.67,909.0,680.899997845818
16/01/21,586.0,909.0,682.0679281562037
17/01/21,586.0,909.0,682.3784528459821
18/01/21,587.67,909.0,683.16609435674
19/01/21,593.5,909.0,683.7412430802746
20/01/21,597.33,834.0,683.8776768275669
21/01/21,596.0,834.0,686.0824855827016
22/01/21,598.0,834.0,686.8480583639706
23/01/21,500.0,837.0,685.8658246208639
24/01/21,500.0,837.0,686.0852341595818
25/01/21,500.0,837.0,685.8604718376608
26/01/21,500.0,837.0,686.2652041786596
27/01/21,500.0,837.0,687.4494192433912
28/01/21,500.0,837.0,687.2418130796556
29/01/21,500.0,928.0,689.4598861429732
30/01/21,500.0,928.0,690.1810394463512
31/01/21,500.0,928.0,690.1013786929777
01/02/21,500.0,928.0,689.9290813577586
02/02/21,587.5,928.0,692.3859306158022
03/02/21,590.0,928.0,693.0928909213557
04/02/21,605.71,928.0,694.425085872584
05/02/21,605.71,928.0,694.5535650143678
06/02/21,605.71,928.0,693.8161631739417
07/02/21,605.71,928.0,694.5960466251817
08/02/21,605.71,837.0,693.3083531996783
09/02/21,605.71,837.0,695.0446443103608
10/02/21,500.0,837.0,695.1845286649816
11/02/21,605.71,837.0,696.4674118939568
12/02/21,605.71,837.0,696.980470904182
13/02/21,605.71,837.0,697.0833122659717
14/02/21,600.0,837.0,696.343652782326
15/02/21,600.0,837.0,696.4203593545332
16/02/21,600.0,827.0,695.0757323474419
17/02/21,600.0,928.0,699.5988020297297
18/02/21,600.0,928.0,701.2089352579512
19/02/21,605.71,928.0,703.17181218019
20/02/21,612.14,928.0,702.9443524528953
21/02/21,597.5,928.0,702.5284115062041
22/02/21,597.5,928.0,702.2913513183594
23/02/21,605.0,928.0,702.7979998420267
24/02/21,605.0,928.0,703.1513531853171
25/02/21,616.67,928.0,704.9510512324105
26/02/21,616.67,928.0,707.6891211794134
27/02/21,629.17,917.0,707.671824017693
28/02/21,629.17,917.0,708.3657389082147
01/03/21,629.17,917.0,708.0549696505427
02/03/21,629.17,917.0,709.1198196867982
03/03/21,636.9,917.0,709.950770270895
04/03/21,637.0,917.0,711.3729409610523
05/03/21,636.73,917.0,712.2485893698299
06/03/21,636.73,917.0,713.3745624029149
07/03/21,633.18,917.0,713.8742700766402
08/03/21,633.18,837.0,712.4630798700998
09/03/21,637.0,837.0,712.2216676984515
10/03/21,637.0,827.0,713.2102390677629
11/03/21,632.5,847.0,714.8368270782654
12/03/21,637.0,847.0,715.2766881735928
13/03/21,637.0,847.0,715.227531341185
14/03/21,637.0,847.0,716.1715665150838
15/03/21,637.0,847.0,717.5490907611269
16/03/21,637.0,860.0,719.4495779749859
17/03/21,641.5,860.0,720.6480742305158
18/03/21,646.0,860.0,722.8298811312922
19/03/21,646.0,860.0,724.6606625476516
20/03/21,646.0,845.0,724.1744247898911
21/03/21,646.0,845.0,725.8288959901025
22/03/21,646.0,970.0,727.9491465498761
23/03/21,646.0,845.0,728.9511533794981
24/03/21,646.0,845.0,728.97412035393
25/03/21,646.0,845.0,729.5817560369318
26/03/21,646.0,845.0,730.653818211411
27/03/21,646.0,837.0,730.6844578019108
28/03/21,646.0,847.0,731.2589773155121
29/03/21,646.0,847.0,732.5412124171402
30/03/21,646.0,847.0,732.6387965190842
31/03/21,646.0,847.0,732.7267050371912
01/04/21,646.0,847.0,733.127321879069
02/04/21,646.0,847.0,732.8757835296263
03/04/21,646.0,847.0,732.6227265329072
04/04/21,646.0,847.0,732.716425485322
05/04/21,646.0,847.0,733.8984762052211
06/04/21,646.0,854.0,733.4360007546164
07/04/21,646.0,854.0,733.4930915601326
08/04/21,646.0,854.0,734.1912582306092
09/04/21,646.0,886.0,734.989762174869
10/04/21,646.0,900.0,736.4014654392149
11/04/21,646.0,950.5,737.0882719063464
12/04/21,646.0,950.5,737.004197485653
13/04/21,646.0,950.5,736.8264029898295
14/04/21,646.0,950.5,737.4670726496998
15/04/21,646.0,950.5,737.5834138451553
16/04/21,646.0,950.5,738.4524701589561
17/04/21,646.0,950.5,738.2164251154119
18/04/21,646.0,950.5,737.4664240056818
19/04/21,646.0,928.0,736.3753104504244
20/04/21,646.0,900.0,736.5262900298496
21/04/21,646.0,900.0,736.5184283946295
22/04/21,646.0,900.0,737.6722496032714
23/04/21,646.0,900.0,736.4184084363803
24/04/21,646.0,900.0,736.0609309036539
25/04/21,656.5,900.0,735.4518248360112
26/04/21,656.5,900.0,735.1081531305981
27/04/21,656.5,900.0,735.0987818791316
28/04/21,656.5,900.0,734.2806361496068
29/04/21,656.5,850.0,733.6505123040615
30/04/21,630.0,880.0,732.7425319126675
01/05/21,630.0,880.0,733.1370329826109
02/05/21,630.0,880.0,732.8584527784778
03/05/21,650.0,880.0,732.772092333027
04/05/21,650.0,830.0,732.9322389301501
05/05/21,650.0,830.0,734.002501236765
06/05/21,650.0,830.0,734.0749347084447
07/05/21,673.0,830.0,734.2827929211901
08/05/21,650.0,847.0,734.5397406243659
09/05/21,650.0,847.0,733.9262755150888
10/05/21,650.0,847.0,733.2433556004574
11/05/21,650.0,847.0,732.9830471821969
12/05/21,650.0,917.0,734.7221194639901
13/05/21,650.0,917.0,735.5792228401481
14/05/21,650.0,917.0,736.807632044742
15/05/21,650.0,885.67,736.3434215344881
16/05/21,650.0,885.67,736.5339487979287
17/05/21,650.0,885.67,737.1053594452104
18/05/21,650.0,885.67,736.7286649576823
19/05/21,650.0,885.67,737.4254663085937
20/05/21,650.0,885.67,737.4536653645833
21/05/21,650.0,885.67,737.9664217715232
22/05/21,650.0,928.0,738.6915226614238
23/05/21,650.0,928.0,737.7794002278646
24/05/21,650.0,928.0,738.6148299651892
25/05/21,650.0,928.0,738.4233569837596
26/05/21,650.0,928.0,739.7576005045573
27/05/21,650.0,928.0,740.5068239779085
28/05/21,650.0,973.0,742.3601967514745
29/05/21,651.0,973.0,744.8349665224163
30/05/21,651.0,973.0,745.5933973524305
31/05/21,651.0,973.0,745.7523683246814
01/06/21,651.0,973.0,747.5224504281354
02/06/21,651.0,973.0,748.7447373239618
03/06/21,650.0,973.0,748.1700653472504
04/06/21,651.0,973.0,748.8989610548143
05/06/21,651.0,973.0,749.7094120200163
06/06/21,651.0,973.0,750.2296058253238
07/06/21,675.0,928.0,747.2697284724437
08/06/21,650.0,928.0,746.6845209827162
09/06/21,650.0,928.0,748.2342671712239
10/06/21,650.0,928.0,750.1246060823139
11/06/21,681.86,928.0,750.2187579784518
12/06/21,677.57,928.0,749.3469327799479
13/06/21,677.57,928.0,749.5437329101562
14/06/21,677.57,928.0,749.7217008629624
15/06/21,675.0,928.0,750.9723128753454
16/06/21,680.5,928.0,751.5278533321099
17/06/21,680.5,928.0,751.8881205104342
18/06/21,680.5,928.0,752.3283325195313
19/06/21,660.5,928.0,751.3098657226562
20/06/21,660.5,917.0,750.2328280744881
21/06/21,660.5,917.0,750.1816090403737
22/06/21,680.0,917.0,751.5497892137984
23/06/21,680.0,917.0,753.3314292025403
24/06/21,680.0,917.0,754.1325007258234
25/06/21,680.0,914.0,754.1077703527502
26/06/21,680.0,914.0,754.7894639392828
27/06/21,680.0,914.0,755.47565370757
28/06/21,680.0,914.0,756.1303480455092
29/06/21,680.0,914.0,758.8100682751885
30/06/21,692.0,914.0,759.4568266769935
01/07/21,693.8,914.0,760.9811401367188
02/07/21,660.0,914.0,762.6021478640154
03/07/21,660.0,914.0,763.8872973467853
04/07/21,660.0,914.0,763.8872973467853
05/07/21,633.33,914.0,763.5749317890889
06/07/21,633.33,914.0,766.8345328776041
07/07/21,662.5,914.0,767.903466796875
08/07/21,689.67,914.0,768.8369348144531
09/07/21,691.43,914.0,770.4262400377517
10/07/21,691.43,900.0,771.6133105303791
11/07/21,699.33,900.0,771.9001352738361
12/07/21,680.0,900.0,771.4930135648544
13/07/21,680.0,914.0,774.0972792437287
14/07/21,680.0,914.0,775.4072974952492
15/07/21,700.62,914.0,776.8650677655194
16/07/21,700.62,914.0,776.9881223128147
17/07/21,700.5,914.0,776.9740006510417
18/07/21,700.57,914.0,778.3258566605417
19/07/21,700.57,914.0,778.1863092000052
20/07/21,700.0,914.0,779.2761222164647
21/07/21,682.67,914.0,780.4897282399288
22/07/21,682.67,914.0,781.5872781974118
23/07/21,682.67,965.0,781.949244669039
24/07/21,682.67,965.0,782.8144139783136
25/07/21,682.67,965.0,783.3898612128364
26/07/21,682.67,965.0,784.4356737069204
27/07/21,691.75,965.0,785.1251027074353
28/07/21,705.25,965.0,786.7671736092403
29/07/21,707.8,965.0,787.3029938782154
30/07/21,707.8,965.0,789.2667567777318
31/07/21,709.5,965.0,791.1810251871744
01/08/21,709.5,965.0,793.0959235513286
02/08/21,709.5,946.0,792.2651934501453
03/08/21,709.5,946.0,794.2271988984127
04/08/21,701.0,946.0,794.4016661032653
05/08/21,711.4,946.0,794.5433349609375
06/08/21,709.5,946.0,794.8239100529597
07/08/21,719.83,950.0,796.5569635705103
08/08/21,727.18,950.0,796.8384729859176
09/08/21,727.18,950.0,796.5791097264381
10/08/21,727.18,950.0,796.5791097264381
11/08/21,727.18,950.0,797.0562752119076
12/08/21,723.5,950.0,798.4459105652649
13/08/21,723.5,965.0,799.0221426827567
14/08/21,723.5,965.0,799.2661928238407
15/08/21,701.0,965.0,799.537935515373
16/08/21,721.64,965.0,800.4365587110643
17/08/21,720.8,965.0,799.5483665715635
18/08/21,720.8,965.0,798.832157708461
19/08/21,723.5,965.0,799.0600015219156
20/08/21,723.5,965.0,799.6138983392096
21/08/21,723.5,965.0,800.0566477129536
22/08/21,723.5,942.0,798.0811787524254
23/08/21,723.5,942.0,797.917387120864
24/08/21,723.5,965.0,798.3090397761418
25/08/21,726.29,965.0,798.8125649476663
26/08/21,726.29,965.0,799.7439891960047
27/08/21,724.38,960.0,801.5972788364072
28/08/21,723.71,960.0,802.3111394568334
29/08/21,723.71,960.0,803.0516481037381
30/08/21,723.71,960.0,803.3176578570016
31/08/21,723.71,960.0,803.7151894871192
01/09/21,723.71,960.0,804.795961368158
02/09/21,725.55,960.0,805.0734554337866
03/09/21,714.5,960.0,804.515183813778
04/09/21,714.5,960.0,803.6193248538152
05/09/21,714.5,960.0,802.7866045163001
06/09/21,714.5,942.0,800.6877982661409
07/09/21,710.0,942.0,799.5185095745584
08/09/21,710.0,942.0,799.5178886081861
09/09/21,710.0,942.0,799.9364612650427
10/09/21,710.0,942.0,798.8328125
11/09/21,710.0,942.0,798.2884815071203
12/09/21,710.0,942.0,798.2234399880573
13/09/21,710.0,942.0,797.6775162812252
14/09/21,710.0,942.0,797.0896809895834
15/09/21,710.0,942.0,798.0329939726811
16/09/21,710.0,942.0,798.1963745117188
17/09/21,710.0,942.0,799.066148082662
18/09/21,710.0,942.0,799.0301240719623
19/09/21,710.0,902.0,798.1052505493165
20/09/21,710.0,902.0,797.2437972056715
21/09/21,710.0,902.0,797.3398089831388
22/09/21,710.0,942.0,797.8633323045647
23/09/21,710.0,942.0,797.425822583935
24/09/21,710.0,946.0,799.6047190540241
25/09/21,705.86,946.0,799.6898742675781
26/09/21,703.67,946.0,798.4850302642246
27/09/21,703.67,946.0,798.5609422599745
28/09/21,710.0,946.0,799.7338360480543
29/09/21,710.0,946.0,800.4024993896485
30/09/21,710.0,946.0,801.3584991455078
01/10/21,710.0,946.0,803.51079573368
02/10/21,710.0,978.0,805.6890843089034
03/10/21,710.0,978.0,806.9308427557888
04/10/21,710.0,978.0,806.3039753006166
05/10/21,714.5,978.0,807.7476973100142
06/10/21,710.0,978.0,807.3271265087013
07/10/21,710.0,964.0,807.3515566523204
08/10/21,714.5,964.0,810.7398219362518
09/10/21,714.5,964.0,812.4403566632952
10/10/21,714.5,964.0,813.7705957321893
11/10/21,714.5,964.0,814.1246136876638
12/10/21,714.5,950.0,815.9553013077701
13/10/21,700.0,964.0,819.2056702404487
14/10/21,700.0,964.0,823.063818359375
15/10/21,700.0,980.0,828.4330720097186
16/10/21,700.0,1020.0,835.3989698005445
17/10/21,720.0,1020.0,841.4424695853727
18/10/21,720.0,1020.0,844.3262263315166
19/10/21,720.0,1020.0,849.7161678839586
20/10/21,720.0,1020.0,855.7817169731185
21/10/21,750.0,1020.0,861.3699398605075
22/10/21,750.0,1020.0,865.1253264839128
23/10/21,750.0,1043.0,870.5025882496553
24/10/21,750.0,1043.0,873.6139046031343
25/10/21,750.0,1043.0,874.9611834463989
26/10/21,750.0,1028.0,878.6836100019647
27/10/21,750.0,1028.0,882.4921770881205
28/10/21,750.0,1028.0,885.7984120088465
29/10/21,750.0,1034.0,888.3970758092333
30/10/21,750.0,1059.0,892.1559877617415
31/10/21,750.0,1059.0,895.6289523812228
01/11/21,803.8,1059.0,897.5092942181756
02/11/21,811.8,1059.0,900.4011116250914
03/11/21,814.5,1059.0,903.9475429601837
04/11/21,823.17,1095.5,908.1590636850101
05/11/21,817.33,1095.5,910.4409853543849
06/11/21,828.22,1095.5,913.5160922346444
07/11/21,831.0,1095.5,915.2651437748374
08/11/21,831.0,1095.5,916.9783812065346
09/11/21,802.0,1095.5,920.7703474177871
10/11/21,831.0,1132.0,924.1568025101063
11/11/21,837.0,1132.0,927.9127896331078
12/11/21,845.0,1132.0,930.4541622448519
13/11/21,845.0,1132.0,933.3738738484466
14/11/21,845.0,1095.5,934.3075737925623
15/11/21,845.0,1095.5,935.2305730329241
16/11/21,845.0,1095.5,938.1415514014233
17/11/21,845.0,1095.5,939.4910902702945
18/11/21,845.0,1095.5,940.5716767945041
19/11/21,845.0,1095.5,942.0732751605154
20/11/21,845.0,1095.5,943.8601695033482
21/11/21,845.0,1095.5,944.7135428292411
22/11/21,845.0,1095.5,944.6573695591518
23/11/21,845.0,1059.0,945.6302267020089
24/11/21,845.0,1059.0,946.6402886050871
25/11/21,845.0,1068.5,947.952023897557
26/11/21,845.0,1064.0,948.3440236058728
27/11/21,845.0,1095.5,950.8782752026086
28/11/21,845.0,1078.5,952.8124147612473
29/11/21,845.0,1064.0,952.2855196547234
30/11/21,845.0,1059.71,953.115058721498
01/12/21,845.0,1073.5,953.3370541258355
02/12/21,883.57,1073.5,954.1086794096848
03/12/21,882.23,1073.5,953.9237151227678
04/12/21,885.0,1073.5,954.1366856166295
05/12/21,885.0,1071.0,954.1671439034599
06/12/21,885.0,1071.0,954.4294297572544
07/12/21,881.5,1064.0,952.7022992715068
08/12/21,893.0,1064.0,952.222874082368
09/12/21,893.5,1064.0,951.5923549608252
10/12/21,887.85,1069.67,950.2664373989763
11/12/21,837.0,1065.6,948.4758602449264
12/12/21,837.0,1059.0,947.1602288607893
13/12/21,837.0,1059.0,946.6292531682157
14/12/21,837.0,1059.0,946.5381155831474
15/12/21,877.5,1062.5,946.273909645519
16/12/21,883.0,1062.5,945.1401742518633
17/12/21,874.5,1062.5,943.5835066170528
18/12/21,872.0,1062.5,942.6471852269666
19/12/21,883.0,1059.0,942.0708671084718
20/12/21,883.0,1059.0,941.6023104452673
21/12/21,883.0,1064.0,940.7388526653422
22/12/21,881.67,1064.0,940.0136802936422
23/12/21,877.0,1079.0,939.7911482186153
24/12/21,864.0,1079.0,937.952124935457
25/12/21,864.0,1079.0,937.50154296875
26/12/21,864.0,1079.0,937.3886930292302
27/12/21,864.0,1079.0,937.3668185147372
28/12/21,848.5,1064.0,935.770566073331
29/12/21,848.5,1059.0,934.5312989660575
30/12/21,785.0,1059.0,933.4828246380649
31/12/21,785.0,1059.0,932.8348566545759
01/01/22,848.5,1059.0,934.2597652701444
02/01/22,848.5,1059.0,933.955929778343
03/01/22,858.94,1059.0,933.9254967762016
04/01/22,853.0,1059.0,933.1477193553545
05/01/22,854.06,1059.0,932.8644452011376
06/01/22,850.65,1059.0,932.4874437908794
07/01/22,856.5,1072.0,931.3110404483156
08/01/22,853.5,1072.0,930.2204632180275
09/01/22,854.0,1072.0,929.773488244345
10/01/22,849.82,1086.0,926.2038602773209
11/01/22,844.0,1040.0,920.4666278545673
12/01/22,849.67,1040.0,922.1131595366182
13/01/22,849.67,1040.0,923.5300003854852
14/01/22,847.86,1040.0,924.8206437317251
15/01/22,855.25,1040.0,925.5491825572232
16/01/22,855.25,1040.0,925.9818725585938
17/01/22,855.25,1040.0,925.7793021978334
18/01/22,837.0,1040.0,925.4609300480332
19/01/22,837.0,1036.67,926.7417905950822
20/01/22,837.0,1046.67,928.9402903297733
21/01/22,860.0,1050.0,930.2615213673017
22/01/22,858.89,1040.0,931.8684695973116
23/01/22,863.33,1040.0,932.8015197396976
24/01/22,857.5,1064.0,934.1999411778144
25/01/22,863.33,1064.0,936.5012343462776
26/01/22,858.89,1064.0,939.1845621030931
27/01/22,858.89,1064.0,941.4439779359694
28/01/22,863.33,1064.0,944.7410469942315
29/01/22,873.44,1064.0,947.6894802909366
30/01/22,880.0,1064.0,950.592151375704
31/01/22,880.0,1064.0,951.4913362015126
01/02/22,866.67,1064.0,952.0791281766669
02/02/22,865.0,1064.0,952.6335463412972
03/02/22,865.0,1060.0,953.2138811896829
04/02/22,866.67,1060.0,955.861190432594
05/02/22,866.67,1120.0,960.3589402142693
06/02/22,868.0,1076.5,963.4169221234745
07/02/22,868.0,1076.5,964.0997038341704
08/02/22,867.5,1090.0,968.971756070678
09/02/22,870.0,1090.0,974.7504063096158
10/02/22,870.0,1090.0,979.0322084648665
11/02/22,870.0,1150.0,983.2919650215634
12/02/22,870.0,1150.0,986.7858957279624
13/02/22,880.0,1150.0,988.8002305304867
14/02/22,880.0,1150.0,990.4351136657014
15/02/22,885.0,1170.0,993.1833910010326
16/02/22,890.0,1150.0,997.4448845523527
17/02/22,895.0,1150.0,1002.5509773342088
18/02/22,895.0,1150.0,1006.518545816111
19/02/22,895.0,1150.0,1010.6445675888502
20/02/22,895.0,1150.0,1013.7695978975844
21/02/22,895.0,1150.0,1015.5334490195088
22/02/22,895.0,1150.0,1017.7500571766119
23/02/22,895.0,1150.0,1020.3139309745303
24/02/22,895.0,1150.0,1022.7541862310366
25/02/22,895.0,1150.0,1025.6543582650118
26/02/22,895.0,1150.0,1028.4473841467568
27/02/22,895.0,1150.0,1031.1899974443759
28/02/22,895.0,1150.0,1031.9565713571947
01/03/22,900.0,1150.0,1032.9747430878567
02/03/22,900.0,1150.0,1035.6966304335483
03/03/22,900.0,1150.0,1039.0550893441791
04/03/22,910.0,1150.0,1041.777499176735
05/03/22,910.0,1120.5,1044.5162360696231
06/03/22,910.0,1126.67,1047.1221205767463
07/03/22,915.0,1158.6,1051.7634941868528
08/03/22,942.71,1184.6,1061.181431361607
09/03/22,954.14,1250.0,1070.173292696833
10/03/22,900.0,1250.0,1074.8112544442365
11/03/22,962.71,1250.0,1086.9086167668722
12/03/22,962.71,1250.0,1100.651444032968
13/03/22,962.71,1350.0,1109.1892755347562
14/03/22,973.17,1350.0,1113.6639128535626
15/03/22,982.0,1350.0,1128.9527998424712
16/03/22,975.57,1350.0,1141.766724722726
17/03/22,975.57,1333.33,1150.1301781790596
18/03/22,985.71,1333.33,1161.1496418544225
19/03/22,995.0,1333.33,1174.091732550524
20/03/22,1000.0,1333.33,1180.907208066998
21/03/22,1000.0,1333.33,1186.6706059153487
22/03/22,1000.0,1391.0,1197.2918198094223
23/03/22,1000.0,1391.0,1201.2348781678734
24/03/22,1000.0,1401.0,1204.805059665587
25/03/22,990.0,1401.0,1207.9635168004918
26/03/22,990.0,1401.0,1211.4805542745707
27/03/22,990.0,1401.0,1216.3270676775676
28/03/22,990.0,1370.0,1217.2456979462595
29/03/22,990.0,1400.0,1221.2288537227746
30/03/22,900.0,1400.0,1220.281012398856
31/03/22,900.0,1400.0,1222.9913611778845
01/04/22,900.0,1400.0,1226.5738223805147
02/04/22,900.0,1400.0,1227.553881117877
03/04/22,900.0,1414.33,1228.2145881204044
04/04/22,900.0,1414.33,1227.6250603170956
05/04/22,900.0,1414.33,1230.5732364430146
06/04/22,900.0,1414.33,1229.241489955357
07/04/22,900.0,1414.33,1229.7671584631564
08/04/22,900.0,1370.0,1228.7847929283007
09/04/22,1070.0,1370.0,1232.0177485768388
10/04/22,1070.0,1370.0,1233.4616564417179
11/04/22,1078.33,1370.0,1233.8595001412637
12/04/22,1020.0,1368.0,1233.1969209107212
13/04/22,1048.33,1368.0,1233.0622497558593
14/04/22,1048.33,1369.0,1233.9424369812011
15/04/22,1048.33,1400.33,1234.7598050514364
16/04/22,1048.33,1400.33,1236.028182220459
17/04/22,1048.33,1400.33,1238.0596174409118
18/04/22,1048.33,1420.0,1238.012675874552
19/04/22,998.0,1420.0,1239.436280079377
20/04/22,998.0,1420.0,1240.3632912937599
21/04/22,998.0,1420.0,1240.005974535672
22/04/22,1063.33,1420.0,1239.8561378189281
23/04/22,1063.33,1420.0,1239.4522133356409
24/04/22,1063.33,1420.0,1239.6687328483486
25/04/22,1055.0,1420.0,1242.1210141725178
26/04/22,1050.0,1420.0,1242.5947117896596
27/04/22,995.0,1420.0,1240.5206384355095
28/04/22,995.0,1400.0,1240.5324518019154
29/04/22,1050.0,1400.0,1242.2949053364416
30/04/22,1077.86,1400.0,1243.4776658887988
01/05/22,1084.62,1427.0,1245.3467532530526
02/05/22,1078.46,1427.0,1246.5721337890625
03/05/22,1114.8,1427.0,1247.1406665039062
04/05/22,1114.8,1427.0,1248.6800691731771
05/05/22,1025.0,1370.0,1246.257386450674
06/05/22,1025.0,1370.0,1246.9595404730903
07/05/22,1025.0,1385.0,1248.8211004083807
08/05/22,1025.0,1385.0,1248.6972536573223
09/05/22,1025.0,1385.0,1250.8533550061677
10/05/22,1025.0,1390.0,1253.806604629908
11/05/22,746.0,1371.0,1255.0898746639102
12/05/22,746.0,1400.0,1258.1311700994318
13/05/22,746.0,1400.0,1263.6267273348142
14/05/22,746.0,1496.0,1270.0610512181331
15/05/22,1112.0,1482.5,1276.9085994466145
16/05/22,1120.0,1482.5,1279.4000645687706
17/05/22,1120.0,1482.5,1286.1475514797185
18/05/22,1043.33,1482.5,1290.8122566677878
19/05/22,1057.5,1496.0,1293.9818567945467
20/05/22,1050.0,1496.0,1299.5865960153592
21/05/22,1050.0,1496.0,1303.7733088312923
22/05/22,1050.0,1496.0,1306.7727034285263
23/05/22,1100.0,1496.0,1310.102684891464
24/05/22,1187.33,1650.0,1318.4536886535234
25/05/22,1195.22,1650.0,1319.6193196064717
26/05/22,1195.22,1650.0,1319.5720223091744
27/05/22,1215.33,1650.0,1320.3379950161639
28/05/22,1193.5,1650.0,1323.765069580078
29/05/22,1207.56,1650.0,1328.2354589151153
30/05/22,1198.43,1650.0,1329.3611424037388
31/05/22,1038.0,1650.0,1330.2811902453016
01/06/22,1189.0,1650.0,1331.685545202804
02/06/22,1189.0,1650.0,1333.7465548128696
03/06/22,1189.0,1550.0,1335.2761886492879
04/06/22,1202.0,1550.0,1336.5456183446597
05/06/22,1202.0,1550.0,1339.1850000668878
06/06/22,1245.0,1550.0,1344.5182751885775
07/06/22,1245.0,1500.0,1344.1699296118509
08/06/22,1100.0,1516.0,1347.21174931026
09/06/22,1100.0,1565.0,1353.8971763873922
10/06/22,1100.0,1565.0,1357.295416937934
11/06/22,1100.0,1598.0,1366.2790097518705
12/06/22,1100.0,1598.0,1370.2004952566965
13/06/22,1100.0,1598.0,1374.8385274393574
14/06/22,1100.0,1750.0,1382.250985159001
15/06/22,820.0,1598.0,1381.9000651041667
16/06/22,820.0,1598.0,1386.4474970499675
17/06/22,820.0,1598.0,1395.0846258585884
18/06/22,820.0,1598.0,1401.4557486756207
19/06/22,820.0,1600.0,1403.8510926129068
20/06/22,820.0,1615.0,1407.6269365167943
21/06/22,820.0,1616.67,1412.6246935786032
22/06/22,820.0,1659.0,1419.5027876873405
23/06/22,820.0,1659.0,1421.2605401116448
24/06/22,820.0,1659.0,1428.359120961782
25/06/22,1277.0,1800.0,1443.4155482462008
26/06/22,1255.33,1800.0,1447.8904162176725
27/06/22,1255.33,1800.0,1450.4759461729677
28/06/22,1255.33,1850.0,1457.3741566832637
29/06/22,1255.33,1850.0,1460.9336776733398
30/06/22,1207.33,1850.0,1463.1429138183594
01/07/22,1231.33,1850.0,1470.6739274649785
02/07/22,1246.67,1850.0,1474.930068122016
03/07/22,1191.5,1850.0,1478.9832857572114
04/07/22,1246.67,1850.0,1482.0031016175176
05/07/22,1306.0,1850.0,1483.429231657015
06/07/22,1306.0,1850.0,1481.366663614909
07/07/22,1200.0,1850.0,1481.363400777181
08/07/22,1200.0,1677.0,1479.7360122787368
09/07/22,1200.0,1677.0,1480.8040442500553
10/07/22,0.0,1800.0,1440.5450032552083
11/07/22,0.0,1677.0,1460.7989283970423
12/07/22,0.0,1670.0,1450.7528379183289
13/07/22,0.0,1670.0,1480.5536455426898
14/07/22,0.0,1670.0,1477.605214293574
15/07/22,0.0,1670.0,1483.236823983028
16/07/22,0.0,1670.0,1464.1379293507543
