stnId,stnNm,tm,maxTa,minTa,sumRn,avgRhm,sumSsHr
119,수원,01/01/16,5.7,-4.2,,80.1,1.6
119,수원,02/01/16,10.3,1.2,,83.1,1.9
119,수원,03/01/16,10.7,2.7,,92.1,1.1
119,수원,04/01/16,7.5,-1.0,,54.4,8.2
119,수원,05/01/16,2.6,-3.4,,39.6,6.4
119,수원,06/01/16,3.7,-4.6,,57.9,1.8
119,수원,07/01/16,3.0,-5.6,,52.6,9.1
119,수원,08/01/16,3.1,-7.3,,54.0,9.3
119,수원,09/01/16,4.0,-3.6,0.0,56.6,6.7
119,수원,10/01/16,6.7,-1.8,0.0,45.0,6.8
119,수원,11/01/16,2.8,-5.0,,36.6,9.3
119,수원,12/01/16,1.7,-8.0,,50.6,9.0
119,수원,13/01/16,1.8,-7.3,2.7,66.8,4.9
119,수원,14/01/16,1.1,-10.2,0.8,65.4,7.2
119,수원,15/01/16,5.0,-4.2,0.2,73.4,7.5
119,수원,16/01/16,4.9,-2.3,0.2,69.5,1.2
119,수원,17/01/16,6.5,-1.5,,68.4,0.0
119,수원,18/01/16,1.8,-10.2,0.0,60.6,6.0
119,수원,19/01/16,-6.8,-12.9,,49.6,9.2
119,수원,20/01/16,-5.0,-12.6,,49.5,7.5
119,수원,21/01/16,-1.4,-9.8,,53.4,6.5
119,수원,22/01/16,-1.5,-10.6,,38.4,7.7
119,수원,23/01/16,-6.1,-14.3,0.0,37.4,8.3
119,수원,24/01/16,-8.5,-16.2,,48.6,9.3
119,수원,25/01/16,-2.4,-14.4,0.0,55.6,9.5
119,수원,26/01/16,3.3,-6.5,0.7,75.5,3.8
119,수원,27/01/16,4.8,-5.5,,68.8,8.5
119,수원,28/01/16,5.2,-6.8,,59.3,1.7
119,수원,29/01/16,6.5,-1.6,,52.6,0.0
119,수원,30/01/16,7.5,-4.1,,71.4,5.9
119,수원,31/01/16,0.7,-4.9,,48.4,7.8
119,수원,01/02/16,-0.4,-8.0,,40.4,9.0
119,수원,02/02/16,2.3,-10.5,,47.8,9.8
119,수원,03/02/16,5.4,-9.1,,61.9,8.1
119,수원,04/02/16,6.2,-4.6,,60.6,8.9
119,수원,05/02/16,4.2,-7.4,0.0,45.8,8.5
119,수원,06/02/16,2.8,-7.7,0.3,44.6,9.9
119,수원,07/02/16,3.9,-9.5,,56.5,9.8
119,수원,08/02/16,7.3,-5.0,0.0,63.3,3.9
119,수원,09/02/16,7.5,-3.5,,56.6,9.9
119,수원,10/02/16,10.9,-5.6,,54.6,10.0
119,수원,11/02/16,14.8,0.3,0.2,35.3,4.5
119,수원,12/02/16,10.9,7.4,27.4,94.8,0.0
119,수원,13/02/16,16.6,4.4,14.3,95.9,0.4
119,수원,14/02/16,4.5,-5.0,0.0,73.5,0.9
119,수원,15/02/16,-0.5,-8.6,0.1,54.4,10.3
119,수원,16/02/16,3.4,-7.3,0.5,78.5,3.1
119,수원,17/02/16,6.2,-5.6,,62.5,10.3
119,수원,18/02/16,8.6,-2.8,,70.4,4.3
119,수원,19/02/16,4.9,-1.5,,78.6,0.0
119,수원,20/02/16,8.4,-2.2,,44.0,9.2
119,수원,21/02/16,5.5,-5.1,,40.0,10.2
119,수원,22/02/16,4.9,-1.7,0.1,38.4,0.0
119,수원,23/02/16,7.1,-3.1,0.3,63.3,8.2
119,수원,24/02/16,2.4,-6.2,,46.4,10.7
119,수원,25/02/16,5.9,-5.8,0.0,59.8,8.1
119,수원,26/02/16,8.1,-1.8,1.1,47.9,9.7
119,수원,27/02/16,7.9,0.3,5.3,78.3,5.9
119,수원,28/02/16,7.6,-2.1,3.0,75.8,0.2
119,수원,29/02/16,0.0,-4.4,0.0,50.1,8.5
119,수원,01/03/16,3.5,-7.0,,51.6,10.4
119,수원,02/03/16,9.8,-2.7,,73.0,6.3
119,수원,03/03/16,13.7,3.8,,70.6,4.4
119,수원,04/03/16,19.7,8.2,3.6,63.6,9.0
119,수원,05/03/16,15.1,9.0,51.2,94.4,0.0
119,수원,06/03/16,14.6,4.8,0.0,63.3,8.4
119,수원,07/03/16,12.5,3.0,0.0,49.3,0.5
119,수원,08/03/16,7.0,-0.2,,44.8,0.0
119,수원,09/03/16,7.3,-1.2,,37.8,9.6
119,수원,10/03/16,5.5,-2.5,,36.5,10.8
119,수원,11/03/16,5.2,-3.8,,44.0,11.2
119,수원,12/03/16,8.7,-3.1,,59.6,5.7
119,수원,13/03/16,8.6,1.0,0.0,66.5,1.8
119,수원,14/03/16,10.2,0.6,,69.0,9.4
119,수원,15/03/16,12.9,-2.2,,56.1,8.8
119,수원,16/03/16,14.8,2.7,,54.3,9.9
119,수원,17/03/16,16.4,-0.1,,49.3,6.4
119,수원,18/03/16,20.6,8.8,,55.6,5.7
119,수원,19/03/16,17.1,4.6,,67.5,10.6
119,수원,20/03/16,16.9,3.0,,66.9,10.2
119,수원,21/03/16,17.4,2.8,,64.8,10.4
119,수원,22/03/16,14.8,1.4,,70.5,9.9
119,수원,23/03/16,14.1,4.2,,57.0,8.0
119,수원,24/03/16,13.5,1.0,,47.3,11.3
119,수원,25/03/16,12.6,0.7,,57.8,10.5
119,수원,26/03/16,13.2,-0.1,,62.4,10.2
119,수원,27/03/16,13.9,0.8,,60.0,9.4
119,수원,28/03/16,17.9,0.6,,47.5,11.4
119,수원,29/03/16,18.1,6.0,0.0,63.0,3.2
119,수원,30/03/16,18.9,6.3,,59.1,9.1
119,수원,31/03/16,22.2,4.2,,38.3,8.5
119,수원,01/04/16,24.3,5.4,,37.1,10.0
119,수원,02/04/16,23.3,6.8,,47.8,10.5
119,수원,03/04/16,14.0,9.1,0.3,79.6,0.0
119,수원,04/04/16,20.1,5.1,,51.9,10.8
119,수원,05/04/16,18.7,4.1,,45.8,11.8
119,수원,06/04/16,23.6,5.4,4.2,44.5,6.5
119,수원,07/04/16,20.9,9.8,7.9,81.1,8.2
119,수원,08/04/16,20.6,7.9,,86.0,7.0
119,수원,09/04/16,18.1,8.2,,88.1,0.0
119,수원,10/04/16,21.5,8.0,0.0,84.9,5.7
119,수원,11/04/16,19.8,7.1,,51.4,11.6
119,수원,12/04/16,20.3,9.7,,50.6,5.7
119,수원,13/04/16,22.0,11.1,3.8,79.8,4.4
119,수원,14/04/16,17.8,7.1,,91.8,4.7
119,수원,15/04/16,24.2,6.1,,57.9,10.6
119,수원,16/04/16,21.6,8.3,29.6,71.6,1.7
119,수원,17/04/16,15.0,9.1,17.7,70.9,7.6
119,수원,18/04/16,19.5,6.0,3.2,74.3,9.4
119,수원,19/04/16,19.8,7.0,,67.9,10.2
119,수원,20/04/16,19.6,9.7,0.4,64.3,3.8
119,수원,21/04/16,19.3,10.9,12.1,90.5,0.7
119,수원,22/04/16,23.8,11.1,,86.3,5.2
119,수원,23/04/16,21.3,9.0,,58.1,4.1
119,수원,24/04/16,24.3,6.8,,52.9,11.0
119,수원,25/04/16,26.1,8.3,,42.5,11.5
119,수원,26/04/16,29.7,9.7,,44.9,9.0
119,수원,27/04/16,20.6,15.5,,38.4,0.0
119,수원,28/04/16,22.1,12.2,,44.3,9.2
119,수원,29/04/16,22.6,10.3,,60.6,11.5
119,수원,30/04/16,23.4,9.8,,55.5,4.4
119,수원,01/05/16,27.8,10.8,,47.1,8.3
119,수원,02/05/16,28.4,14.9,21.3,72.5,6.8
119,수원,03/05/16,18.5,9.7,38.1,93.0,0.0
119,수원,04/05/16,21.3,11.1,,48.5,12.9
119,수원,05/05/16,26.9,8.1,3.1,57.8,10.8
119,수원,06/05/16,19.3,12.3,1.1,92.8,0.0
119,수원,07/05/16,22.6,9.2,,68.9,12.2
119,수원,08/05/16,26.5,9.7,,55.4,11.0
119,수원,09/05/16,26.7,14.1,,54.3,5.8
119,수원,10/05/16,19.2,13.4,16.2,81.9,0.2
119,수원,11/05/16,23.6,11.0,,66.9,13.0
119,수원,12/05/16,24.7,10.9,,71.5,12.8
119,수원,13/05/16,25.0,12.3,0.0,65.1,10.3
119,수원,14/05/16,26.7,14.1,,51.0,10.9
119,수원,15/05/16,25.2,12.6,39.8,80.6,4.4
119,수원,16/05/16,22.2,10.6,2.7,69.6,11.1
119,수원,17/05/16,27.1,9.9,,61.4,13.2
119,수원,18/05/16,30.3,11.9,,57.9,13.4
119,수원,19/05/16,31.8,13.8,,48.0,13.1
119,수원,20/05/16,31.4,15.2,,48.5,12.1
119,수원,21/05/16,30.3,17.1,,32.3,12.5
119,수원,22/05/16,31.0,16.5,,41.4,12.5
119,수원,23/05/16,29.6,16.3,,48.5,7.7
119,수원,24/05/16,20.7,13.5,34.1,92.9,3.4
119,수원,25/05/16,24.1,13.5,,77.0,3.8
119,수원,26/05/16,24.7,16.9,,76.0,1.6
119,수원,27/05/16,27.8,14.6,,68.3,6.8
119,수원,28/05/16,27.2,15.0,,68.3,11.9
119,수원,29/05/16,26.9,15.5,,63.6,7.3
119,수원,30/05/16,28.7,14.6,,69.5,11.6
119,수원,31/05/16,27.6,15.8,,77.9,11.4
119,수원,01/06/16,29.6,16.5,,61.5,11.4
119,수원,02/06/16,29.1,16.1,,50.5,13.7
119,수원,03/06/16,28.3,15.7,,59.9,11.7
119,수원,04/06/16,24.2,18.4,0.2,61.5,0.2
119,수원,05/06/16,31.1,15.3,,59.3,11.7
119,수원,06/06/16,26.4,19.9,,58.5,4.7
119,수원,07/06/16,27.9,17.6,,73.3,10.9
119,수원,08/06/16,27.1,17.3,,78.9,9.9
119,수원,09/06/16,29.8,17.2,,74.1,10.3
119,수원,10/06/16,30.3,18.4,,70.6,11.1
119,수원,11/06/16,29.6,20.5,1.1,81.1,3.3
119,수원,12/06/16,28.0,19.6,0.4,88.4,4.6
119,수원,13/06/16,28.5,17.9,,82.4,7.8
119,수원,14/06/16,29.4,18.1,,74.0,6.9
119,수원,15/06/16,25.7,17.7,27.6,90.4,2.0
119,수원,16/06/16,25.7,18.4,,83.3,8.0
119,수원,17/06/16,29.1,17.8,,71.0,11.5
119,수원,18/06/16,29.2,19.2,,71.0,12.6
119,수원,19/06/16,29.3,20.3,,73.5,8.7
119,수원,20/06/16,30.7,19.0,,70.3,7.6
119,수원,21/06/16,30.9,20.2,,72.9,6.2
119,수원,22/06/16,31.1,21.9,0.8,78.3,3.0
119,수원,23/06/16,31.4,21.2,0.7,78.6,8.0
119,수원,24/06/16,26.7,19.6,6.4,90.3,1.6
119,수원,25/06/16,27.7,18.7,,71.1,11.4
119,수원,26/06/16,30.7,17.8,,70.5,13.3
119,수원,27/06/16,30.1,19.2,,69.4,4.0
119,수원,28/06/16,30.2,19.6,,69.4,10.8
119,수원,29/06/16,29.0,21.2,,72.4,7.8
119,수원,30/06/16,29.0,22.7,0.2,88.0,0.9
119,수원,01/07/16,28.0,22.7,104.2,94.0,0.0
119,수원,02/07/16,27.5,20.9,2.5,88.1,2.1
119,수원,03/07/16,26.3,20.6,,82.6,2.3
119,수원,04/07/16,23.6,21.0,43.7,96.3,0.0
119,수원,05/07/16,27.0,22.1,37.2,99.6,0.0
119,수원,06/07/16,27.3,20.0,0.8,89.6,2.1
119,수원,07/07/16,28.5,19.8,0.0,83.5,2.7
119,수원,08/07/16,33.7,20.3,,75.4,12.9
119,수원,09/07/16,32.9,21.8,,74.9,12.0
119,수원,10/07/16,33.3,21.6,,74.4,7.8
119,수원,11/07/16,34.2,23.0,0.2,71.1,6.4
119,수원,12/07/16,30.4,21.3,5.5,82.5,4.2
119,수원,13/07/16,29.3,22.2,,81.8,4.2
119,수원,14/07/16,31.4,23.4,0.2,78.1,6.4
119,수원,15/07/16,28.7,23.0,1.6,65.0,1.9
119,수원,16/07/16,23.5,20.1,49.2,99.6,0.0
119,수원,17/07/16,23.2,20.6,3.4,93.8,0.0
119,수원,18/07/16,28.9,20.5,,82.8,7.5
119,수원,19/07/16,32.8,19.9,,75.8,11.7
119,수원,20/07/16,33.2,23.9,,70.0,8.2
119,수원,21/07/16,32.1,24.6,,67.1,4.7
119,수원,22/07/16,33.9,25.1,,67.5,9.1
119,수원,23/07/16,32.1,26.8,0.1,77.6,3.6
119,수원,24/07/16,32.5,26.8,0.0,82.9,1.3
119,수원,25/07/16,32.5,25.8,,86.4,4.8
119,수원,26/07/16,32.7,24.5,,82.1,4.5
119,수원,27/07/16,29.6,25.4,0.3,87.1,0.5
119,수원,28/07/16,30.9,25.4,4.9,82.3,9.3
119,수원,29/07/16,27.8,23.6,57.5,94.6,0.7
119,수원,30/07/16,33.2,25.8,6.4,86.0,6.2
119,수원,31/07/16,33.7,25.9,,84.0,9.7
119,수원,01/08/16,32.5,25.7,,83.8,4.5
119,수원,02/08/16,30.7,25.4,0.0,84.3,0.0
119,수원,03/08/16,34.7,24.4,,68.8,11.2
119,수원,04/08/16,35.1,24.7,,80.0,8.4
119,수원,05/08/16,35.6,25.6,,76.9,10.8
119,수원,06/08/16,35.4,25.5,,75.5,10.5
119,수원,07/08/16,34.9,25.4,,68.0,11.9
119,수원,08/08/16,35.0,24.5,,76.0,9.4
119,수원,09/08/16,34.3,26.4,,75.4,9.6
119,수원,10/08/16,34.1,25.3,,74.1,11.0
119,수원,11/08/16,35.5,24.7,,78.0,10.7
119,수원,12/08/16,35.0,25.0,,83.8,9.1
119,수원,13/08/16,34.6,26.2,,78.4,10.2
119,수원,14/08/16,33.4,26.1,,84.6,5.4
119,수원,15/08/16,34.1,25.4,0.0,75.6,7.9
119,수원,16/08/16,34.4,24.2,0.0,70.3,10.8
119,수원,17/08/16,34.6,24.7,0.3,76.3,9.3
119,수원,18/08/16,35.1,25.4,,69.8,3.8
119,수원,19/08/16,34.2,26.2,,72.6,3.3
119,수원,20/08/16,35.4,27.6,,64.1,4.4
119,수원,21/08/16,36.5,27.6,,56.4,8.2
119,수원,22/08/16,35.1,25.1,0.0,73.6,9.7
119,수원,23/08/16,33.6,26.3,0.3,72.9,6.2
119,수원,24/08/16,33.8,25.9,0.0,63.5,6.6
119,수원,25/08/16,34.0,24.0,0.0,72.0,7.1
119,수원,26/08/16,26.4,20.2,17.0,70.9,5.3
119,수원,27/08/16,29.1,17.1,,48.9,11.4
119,수원,28/08/16,24.3,18.8,0.3,66.1,1.5
119,수원,29/08/16,28.6,17.1,,62.5,7.7
119,수원,30/08/16,25.5,16.1,,67.4,4.9
119,수원,31/08/16,22.0,16.6,55.1,90.4,0.1
119,수원,01/09/16,29.8,16.3,,80.8,9.5
119,수원,02/09/16,29.2,19.6,0.8,73.6,8.1
119,수원,03/09/16,29.7,21.1,0.0,79.6,5.7
119,수원,04/09/16,30.4,21.4,,78.1,3.7
119,수원,05/09/16,31.5,22.7,,75.6,7.4
119,수원,06/09/16,29.0,20.2,,82.9,5.1
119,수원,07/09/16,28.5,20.7,,83.5,0.9
119,수원,08/09/16,27.1,20.7,29.1,87.3,1.3
119,수원,09/09/16,28.2,20.1,0.0,86.1,5.7
119,수원,10/09/16,28.4,19.1,,81.1,2.7
119,수원,11/09/16,27.8,20.6,,72.9,5.6
119,수원,12/09/16,28.9,21.4,,72.6,5.5
119,수원,13/09/16,29.7,20.5,,72.5,8.8
119,수원,14/09/16,28.9,19.3,0.0,78.6,6.3
119,수원,15/09/16,28.4,18.1,,80.3,6.2
119,수원,16/09/16,28.2,19.4,0.0,80.6,3.5
119,수원,17/09/16,26.6,19.1,26.6,81.8,4.2
119,수원,18/09/16,28.8,20.6,,60.0,7.3
119,수원,19/09/16,27.3,17.4,0.0,58.9,8.2
119,수원,20/09/16,26.0,15.1,,45.5,11.6
119,수원,21/09/16,24.1,14.1,,54.6,7.9
119,수원,22/09/16,26.5,17.3,,59.4,8.7
119,수원,23/09/16,27.6,15.4,,70.5,9.7
119,수원,24/09/16,28.3,16.1,,73.3,9.5
119,수원,25/09/16,28.3,17.2,,74.4,3.8
119,수원,26/09/16,27.1,18.9,0.0,74.0,3.0
119,수원,27/09/16,23.5,19.0,11.3,93.3,0.0
119,수원,28/09/16,23.3,18.5,0.0,93.0,0.0
119,수원,29/09/16,24.0,18.4,,73.3,3.2
119,수원,30/09/16,23.5,17.8,,77.8,0.1
119,수원,01/10/16,24.5,17.5,,86.0,1.1
119,수원,02/10/16,21.7,16.8,16.7,91.8,0.0
119,수원,03/10/16,28.2,17.6,3.3,88.5,7.0
119,수원,04/10/16,28.9,13.9,,67.6,10.9
119,수원,05/10/16,26.8,17.0,3.0,74.3,5.4
119,수원,06/10/16,24.0,13.6,,68.8,10.4
119,수원,07/10/16,24.7,14.3,18.0,78.4,5.3
119,수원,08/10/16,22.7,11.6,20.5,71.0,6.7
119,수원,09/10/16,17.0,7.5,,48.9,10.8
119,수원,10/10/16,21.3,7.0,,58.0,9.1
119,수원,11/10/16,21.3,9.7,,74.6,6.2
119,수원,12/10/16,20.9,11.3,,65.5,9.7
119,수원,13/10/16,21.9,8.2,,59.8,9.2
119,수원,14/10/16,23.6,9.0,,76.9,8.5
119,수원,15/10/16,26.8,11.1,,71.4,8.1
119,수원,16/10/16,19.5,15.4,2.1,81.6,0.0
119,수원,17/10/16,22.8,14.3,0.0,83.8,6.0
119,수원,18/10/16,21.5,10.8,,90.4,5.2
119,수원,19/10/16,24.6,11.4,,82.8,8.5
119,수원,20/10/16,25.1,10.8,,73.8,8.4
119,수원,21/10/16,19.8,16.4,0.0,62.4,0.1
119,수원,22/10/16,21.8,14.6,,64.3,1.9
119,수원,23/10/16,17.9,10.1,3.5,75.6,0.0
119,수원,24/10/16,19.6,8.1,,61.1,9.2
119,수원,25/10/16,19.0,11.0,30.7,94.0,2.1
119,수원,26/10/16,16.6,8.7,,90.5,2.3
119,수원,27/10/16,19.8,8.6,,76.3,4.5
119,수원,28/10/16,17.7,11.2,1.3,68.3,0.3
119,수원,29/10/16,13.0,3.9,,45.1,1.3
119,수원,30/10/16,15.5,0.0,,48.0,10.3
119,수원,31/10/16,10.2,1.8,0.0,59.0,0.0
119,수원,01/11/16,8.1,-1.2,,45.9,10.3
119,수원,02/11/16,10.9,-2.7,0.7,65.0,6.2
119,수원,03/11/16,14.8,3.8,0.4,75.1,7.4
119,수원,04/11/16,16.5,4.7,,73.9,2.9
119,수원,05/11/16,20.0,9.7,,85.6,3.5
119,수원,06/11/16,19.1,11.9,,66.4,5.5
119,수원,07/11/16,18.6,8.9,2.9,72.0,2.3
119,수원,08/11/16,9.2,0.4,0.3,57.4,8.8
119,수원,09/11/16,9.5,-2.3,,46.4,9.7
119,수원,10/11/16,11.5,1.1,0.3,65.0,0.3
119,수원,11/11/16,14.8,4.6,3.1,72.3,7.8
119,수원,12/11/16,17.8,3.0,,73.5,7.5
119,수원,13/11/16,18.4,9.7,0.8,85.0,2.0
119,수원,14/11/16,17.5,9.9,3.0,87.3,0.0
119,수원,15/11/16,11.3,2.7,,45.0,9.7
119,수원,16/11/16,12.6,-1.3,,56.9,8.6
119,수원,17/11/16,16.5,2.1,,71.4,8.2
119,수원,18/11/16,15.4,2.8,1.3,78.0,4.2
119,수원,19/11/16,14.8,10.8,0.1,87.4,0.0
119,수원,20/11/16,16.4,5.3,,52.4,9.0
119,수원,21/11/16,13.9,3.7,,55.4,0.4
119,수원,22/11/16,9.0,-1.2,0.6,44.4,6.1
119,수원,23/11/16,4.4,-3.7,,36.8,7.4
119,수원,24/11/16,3.8,-4.6,,40.8,9.5
119,수원,25/11/16,7.3,-3.9,,50.9,5.9
119,수원,26/11/16,3.8,-2.0,1.9,78.8,0.0
119,수원,27/11/16,8.3,0.2,0.5,91.1,4.3
119,수원,28/11/16,7.3,-0.8,,59.6,8.8
119,수원,29/11/16,8.2,-3.9,,51.5,9.3
119,수원,30/11/16,10.5,-1.2,1.5,62.8,0.9
119,수원,01/12/16,8.9,-0.5,,53.0,7.8
119,수원,02/12/16,8.7,-4.2,,62.8,9.4
119,수원,03/12/16,11.5,-2.8,,78.4,7.8
119,수원,04/12/16,8.7,0.4,0.0,75.4,0.3
119,수원,05/12/16,12.0,1.7,0.5,73.1,2.2
119,수원,06/12/16,4.9,-3.6,,42.0,9.2
119,수원,07/12/16,8.6,-4.4,0.0,65.6,4.1
119,수원,08/12/16,7.8,-3.8,3.8,81.1,3.9
119,수원,09/12/16,6.3,-2.4,1.1,67.1,7.3
119,수원,10/12/16,5.2,-5.0,,52.0,9.1
119,수원,11/12/16,5.5,-7.2,,54.0,9.1
119,수원,12/12/16,8.8,-4.5,,46.9,2.7
119,수원,13/12/16,8.7,-1.4,,63.0,3.7
119,수원,14/12/16,1.6,-2.4,0.0,63.4,0.0
119,수원,15/12/16,0.6,-6.2,,41.0,9.0
119,수원,16/12/16,1.4,-8.8,,43.8,8.8
119,수원,17/12/16,10.1,-2.4,,69.0,4.7
119,수원,18/12/16,8.1,1.5,,75.4,0.0
119,수원,19/12/16,12.6,3.8,1.5,79.9,1.3
119,수원,20/12/16,14.6,1.9,,85.3,8.0
119,수원,21/12/16,13.6,1.2,32.6,86.5,3.4
119,수원,22/12/16,13.1,2.7,21.5,94.6,0.0
119,수원,23/12/16,2.7,-2.5,1.1,76.9,1.1
119,수원,24/12/16,1.8,-3.7,,65.9,4.8
119,수원,25/12/16,7.5,-4.9,,80.3,5.6
119,수원,26/12/16,5.5,0.7,0.1,78.5,0.0
119,수원,27/12/16,3.0,-5.7,0.2,57.4,8.5
119,수원,28/12/16,3.2,-8.5,,54.8,8.9
119,수원,29/12/16,0.3,-5.7,1.0,52.9,9.0
119,수원,30/12/16,3.5,-9.5,,64.0,7.4
119,수원,31/12/16,5.5,-3.8,,81.3,2.0
119,수원,01/01/17,8.2,-2.8,,85.8,2.1
119,수원,02/01/17,10.3,2.7,0.6,86.4,3.3
119,수원,03/01/17,8.5,-2.9,,75.5,8.6
119,수원,04/01/17,10.9,-1.2,,75.6,7.9
119,수원,05/01/17,8.3,-1.7,,65.1,0.0
119,수원,06/01/17,11.4,0.6,,64.8,7.0
119,수원,07/01/17,10.7,-1.6,,82.1,6.7
119,수원,08/01/17,11.9,2.3,0.0,62.4,3.0
119,수원,09/01/17,6.0,-2.1,0.2,66.9,6.0
119,수원,10/01/17,3.1,-6.0,0.0,49.5,8.6
119,수원,11/01/17,2.7,-8.8,,45.0,8.0
119,수원,12/01/17,3.0,-4.8,1.9,59.9,7.4
119,수원,13/01/17,0.0,-7.5,0.4,53.5,5.9
119,수원,14/01/17,-3.7,-8.8,,35.1,9.3
119,수원,15/01/17,0.0,-10.6,,43.4,9.5
119,수원,16/01/17,3.0,-11.1,,56.1,9.4
119,수원,17/01/17,4.4,-9.0,,64.1,7.0
119,수원,18/01/17,3.7,-4.8,0.0,81.8,2.6
119,수원,19/01/17,4.9,-6.8,,73.1,7.2
119,수원,20/01/17,-0.8,-7.4,3.9,74.9,6.5
119,수원,21/01/17,-1.1,-11.2,1.8,87.6,2.1
119,수원,22/01/17,-2.1,-10.1,0.1,53.5,9.1
119,수원,23/01/17,-3.2,-11.5,,53.6,9.6
119,수원,24/01/17,-0.3,-13.6,,60.8,9.7
119,수원,25/01/17,2.4,-12.6,,67.8,9.7
119,수원,26/01/17,3.5,-10.0,0.0,74.6,6.5
119,수원,27/01/17,3.9,-5.8,3.5,52.6,9.4
119,수원,28/01/17,5.1,-9.0,,47.9,6.5
119,수원,29/01/17,3.0,-0.2,7.0,76.6,0.0
119,수원,30/01/17,-0.2,-7.4,0.0,64.5,9.2
119,수원,31/01/17,0.9,-10.1,,57.5,8.0
119,수원,01/02/17,2.4,-7.4,,50.5,9.5
119,수원,02/02/17,4.4,-9.8,,53.8,9.5
119,수원,03/02/17,7.4,-3.4,,75.0,8.8
119,수원,04/02/17,4.9,-4.6,,73.3,0.4
119,수원,05/02/17,3.9,-0.6,1.3,76.0,0.0
119,수원,06/02/17,3.3,-3.2,,52.3,9.8
119,수원,07/02/17,3.4,-5.9,,52.9,3.3
119,수원,08/02/17,2.5,-5.7,,56.1,0.7
119,수원,09/02/17,-0.9,-6.1,0.0,48.5,8.4
119,수원,10/02/17,-1.9,-8.2,0.0,45.8,9.8
119,수원,11/02/17,0.2,-8.2,,49.9,10.2
119,수원,12/02/17,4.2,-9.1,,59.4,10.2
119,수원,13/02/17,4.7,-7.3,1.0,83.1,4.3
119,수원,14/02/17,6.5,-4.0,,56.8,10.2
119,수원,15/02/17,8.5,-5.8,,62.4,9.1
119,수원,16/02/17,12.6,-4.4,0.3,74.4,5.4
119,수원,17/02/17,9.6,-4.1,4.0,63.9,8.6
119,수원,18/02/17,4.0,-7.2,,47.8,10.3
119,수원,19/02/17,6.8,-4.2,4.6,71.0,2.0
119,수원,20/02/17,5.5,-4.0,2.2,58.4,8.5
119,수원,21/02/17,6.8,-7.5,,44.4,10.0
119,수원,22/02/17,3.5,-0.1,9.1,80.8,0.0
119,수원,23/02/17,3.9,-3.4,,55.4,10.5
119,수원,24/02/17,5.0,-6.4,,55.0,9.8
119,수원,25/02/17,9.1,-4.7,,66.0,10.5
119,수원,26/02/17,10.1,-4.0,,67.1,7.4
119,수원,27/02/17,11.0,-3.6,,55.9,10.6
119,수원,28/02/17,13.0,-3.4,,53.9,10.0
119,수원,01/03/17,11.5,1.1,6.2,66.1,1.8
119,수원,02/03/17,5.6,-1.8,0.3,71.0,8.9
119,수원,03/03/17,11.1,-3.4,,62.8,10.4
119,수원,04/03/17,12.9,-2.5,,69.0,10.7
119,수원,05/03/17,11.3,-0.9,1.3,78.1,7.1
119,수원,06/03/17,5.6,-1.8,,43.8,11.0
119,수원,07/03/17,2.8,-2.9,,43.6,11.1
119,수원,08/03/17,6.1,-5.6,0.0,52.8,9.2
119,수원,09/03/17,10.1,-3.5,,57.8,10.7
119,수원,10/03/17,12.2,-2.7,,53.5,11.0
119,수원,11/03/17,16.7,-2.4,,53.5,10.8
119,수원,12/03/17,15.1,1.7,,67.5,4.7
119,수원,13/03/17,12.9,1.3,,59.4,10.1
119,수원,14/03/17,12.2,0.9,,42.3,11.0
119,수원,15/03/17,12.8,-1.5,,48.8,11.1
119,수원,16/03/17,13.3,-1.8,,52.3,10.5
119,수원,17/03/17,15.9,-0.7,,53.8,10.3
119,수원,18/03/17,16.9,3.4,,43.3,8.8
119,수원,19/03/17,18.7,0.1,,55.0,10.5
119,수원,20/03/17,15.0,2.9,,55.3,0.0
119,수원,21/03/17,13.0,2.8,,54.4,9.3
119,수원,22/03/17,13.8,0.1,,49.4,9.6
119,수원,23/03/17,14.6,2.7,,54.0,8.1
119,수원,24/03/17,14.4,1.1,,59.0,6.1
119,수원,25/03/17,12.4,2.3,,50.5,2.5
119,수원,26/03/17,10.9,1.9,,62.5,3.4
119,수원,27/03/17,12.0,3.3,0.0,70.9,4.7
119,수원,28/03/17,13.2,2.3,,65.8,4.9
119,수원,29/03/17,14.9,1.9,,62.5,8.7
119,수원,30/03/17,17.3,0.8,,66.3,9.2
119,수원,31/03/17,12.9,5.4,1.2,78.6,0.3
119,수원,01/04/17,14.7,5.1,1.0,67.0,10.1
119,수원,02/04/17,15.9,1.8,,64.8,11.4
119,수원,03/04/17,19.1,2.1,,59.0,11.6
119,수원,04/04/17,22.5,3.3,,45.0,10.6
119,수원,05/04/17,14.7,10.2,33.8,69.9,0.0
119,수원,06/04/17,13.3,8.9,1.2,93.6,0.1
119,수원,07/04/17,22.2,8.0,,76.8,8.6
119,수원,08/04/17,19.3,6.6,0.1,85.4,6.3
119,수원,09/04/17,18.2,8.7,0.6,67.9,2.9
119,수원,10/04/17,22.0,10.3,,26.4,11.0
119,수원,11/04/17,19.0,9.9,0.0,45.5,8.9
119,수원,12/04/17,16.6,8.0,,22.9,11.5
119,수원,13/04/17,20.4,4.8,,58.8,11.3
119,수원,14/04/17,18.7,6.7,0.0,63.0,3.7
119,수원,15/04/17,25.3,8.1,,68.8,11.1
119,수원,16/04/17,25.4,10.5,,59.8,7.2
119,수원,17/04/17,17.2,10.7,7.9,82.3,1.5
119,수원,18/04/17,18.0,8.1,7.9,89.0,2.8
119,수원,19/04/17,18.0,5.6,,53.1,11.6
119,수원,20/04/17,17.2,8.7,0.0,50.9,1.1
119,수원,21/04/17,19.8,4.9,,69.4,9.5
119,수원,22/04/17,22.5,6.0,,57.4,12.1
119,수원,23/04/17,22.4,6.0,,51.4,12.5
119,수원,24/04/17,22.1,5.8,,50.6,11.8
119,수원,25/04/17,21.8,10.2,0.0,65.5,5.3
119,수원,26/04/17,21.0,9.6,0.0,45.3,12.4
119,수원,27/04/17,20.1,7.1,,44.6,12.8
119,수원,28/04/17,22.1,7.4,,59.6,11.7
119,수원,29/04/17,24.5,8.3,,52.6,12.1
119,수원,30/04/17,28.1,12.5,,64.4,11.3
119,수원,01/05/17,27.7,10.5,,64.8,11.3
119,수원,02/05/17,26.8,11.7,,57.8,9.6
119,수원,03/05/17,29.4,11.0,,51.3,12.3
119,수원,04/05/17,28.1,12.5,0.0,55.6,7.9
119,수원,05/05/17,27.7,14.5,0.0,63.3,10.9
119,수원,06/05/17,21.1,8.6,,42.8,12.2
119,수원,07/05/17,22.3,8.7,,57.5,11.8
119,수원,08/05/17,23.7,9.3,,54.1,5.9
119,수원,09/05/17,21.3,13.6,2.9,68.4,1.1
119,수원,10/05/17,20.9,13.2,4.6,80.5,8.1
119,수원,11/05/17,25.0,12.5,0.3,75.6,4.3
119,수원,12/05/17,22.9,14.6,0.2,81.4,0.0
119,수원,13/05/17,24.1,11.2,3.5,84.0,3.0
119,수원,14/05/17,20.1,9.5,,69.4,13.1
119,수원,15/05/17,20.6,9.9,,69.0,12.6
119,수원,16/05/17,22.4,12.6,,66.9,8.6
119,수원,17/05/17,25.7,9.9,,62.3,13.2
119,수원,18/05/17,27.1,11.2,,55.5,12.6
119,수원,19/05/17,28.3,12.7,,54.5,13.2
119,수원,20/05/17,26.4,12.8,,52.4,11.8
119,수원,21/05/17,26.7,13.5,,56.4,12.8
119,수원,22/05/17,28.0,13.0,,61.5,12.5
119,수원,23/05/17,24.4,15.0,7.1,74.0,1.5
119,수원,24/05/17,26.7,15.6,3.9,72.5,11.3
119,수원,25/05/17,24.5,12.7,,57.5,13.2
119,수원,26/05/17,22.8,11.4,,49.0,12.7
119,수원,27/05/17,25.6,11.4,,57.0,13.6
119,수원,28/05/17,27.3,11.9,,58.6,11.2
119,수원,29/05/17,29.4,16.4,,71.0,11.6
119,수원,30/05/17,30.3,16.6,,51.9,11.4
119,수원,31/05/17,28.4,15.7,,64.4,7.9
119,수원,01/06/17,26.3,18.3,0.0,66.4,9.9
119,수원,02/06/17,25.7,13.6,,49.3,12.9
119,수원,03/06/17,25.8,15.0,,55.8,13.8
119,수원,04/06/17,28.1,12.5,,53.1,13.7
119,수원,05/06/17,30.2,13.7,,45.4,12.9
119,수원,06/06/17,22.7,14.7,6.0,62.8,0.0
119,수원,07/06/17,19.3,15.2,6.1,98.0,0.1
119,수원,08/06/17,26.4,15.3,,78.6,8.8
119,수원,09/06/17,27.2,15.5,0.0,77.0,7.5
119,수원,10/06/17,27.6,15.8,0.5,58.4,8.9
119,수원,11/06/17,29.6,12.6,,48.4,13.9
119,수원,12/06/17,27.2,17.3,,48.8,8.0
119,수원,13/06/17,26.3,16.4,0.3,75.5,7.6
119,수원,14/06/17,26.3,17.2,,74.8,11.1
119,수원,15/06/17,29.0,16.2,,72.4,12.3
119,수원,16/06/17,32.2,18.5,,67.8,11.9
119,수원,17/06/17,29.7,18.3,,52.6,12.6
119,수원,18/06/17,32.0,15.3,,61.1,13.3
119,수원,19/06/17,30.3,17.0,,61.6,11.5
119,수원,20/06/17,31.8,17.9,,57.1,6.3
119,수원,21/06/17,30.7,19.8,,61.9,12.4
119,수원,22/06/17,30.5,20.1,,67.5,10.8
119,수원,23/06/17,33.2,19.0,,65.4,12.6
119,수원,24/06/17,27.6,19.5,2.7,70.5,0.0
119,수원,25/06/17,29.9,19.8,0.5,72.6,6.4
119,수원,26/06/17,30.3,20.0,7.3,85.3,4.3
119,수원,27/06/17,30.8,20.2,4.2,81.1,8.5
119,수원,28/06/17,30.6,21.3,,76.3,8.5
119,수원,29/06/17,31.4,20.2,,75.5,9.1
119,수원,30/06/17,31.2,21.4,,76.9,6.0
119,수원,01/07/17,28.1,21.4,15.6,89.6,0.2
119,수원,02/07/17,26.5,23.5,85.0,98.5,0.0
119,수원,03/07/17,27.8,23.5,12.4,98.5,0.0
119,수원,04/07/17,31.2,22.8,82.3,87.5,8.9
119,수원,05/07/17,33.6,22.7,,77.1,8.2
119,수원,06/07/17,34.0,22.3,,78.6,8.8
119,수원,07/07/17,28.7,24.3,6.1,89.3,0.6
119,수원,08/07/17,28.2,23.7,19.3,95.8,0.1
119,수원,09/07/17,31.8,22.6,28.0,91.9,1.1
119,수원,10/07/17,26.1,23.2,69.5,99.4,0.0
119,수원,11/07/17,32.0,22.2,1.3,89.0,6.0
119,수원,12/07/17,31.9,23.2,0.0,88.6,5.8
119,수원,13/07/17,32.3,21.5,,81.3,10.8
119,수원,14/07/17,33.9,24.4,0.2,79.8,7.7
119,수원,15/07/17,26.1,22.7,74.7,98.9,0.1
119,수원,16/07/17,27.2,22.9,77.8,96.5,0.1
119,수원,17/07/17,29.1,23.5,0.9,92.0,0.1
119,수원,18/07/17,31.0,23.0,1.3,91.4,4.2
119,수원,19/07/17,34.8,24.5,,78.4,8.6
119,수원,20/07/17,34.4,24.7,,80.9,9.4
119,수원,21/07/17,32.6,26.2,5.1,85.8,3.1
119,수원,22/07/17,32.5,26.7,0.2,89.4,3.8
119,수원,23/07/17,29.2,25.7,63.3,99.1,0.0
119,수원,24/07/17,27.7,24.9,19.4,98.3,0.6
119,수원,25/07/17,35.8,25.3,,79.1,9.7
119,수원,26/07/17,32.2,24.3,,62.9,11.8
119,수원,27/07/17,30.7,24.4,0.8,66.3,2.3
119,수원,28/07/17,27.4,23.7,16.5,99.1,0.0
119,수원,29/07/17,30.7,24.8,,83.5,2.7
119,수원,30/07/17,32.8,23.9,,75.3,9.0
119,수원,31/07/17,26.6,23.1,104.8,97.9,0.0
119,수원,01/08/17,33.6,23.2,0.8,85.6,7.9
119,수원,02/08/17,34.2,25.2,,83.4,6.0
119,수원,03/08/17,32.7,26.2,,67.9,12.2
119,수원,04/08/17,35.4,25.1,,65.5,12.2
119,수원,05/08/17,36.9,27.0,,71.8,11.3
119,수원,06/08/17,33.4,25.5,2.7,83.1,3.6
119,수원,07/08/17,33.6,25.2,,81.1,10.5
119,수원,08/08/17,32.1,24.6,0.0,73.6,5.0
119,수원,09/08/17,29.6,23.8,6.6,79.9,0.9
119,수원,10/08/17,25.6,23.3,11.3,99.5,0.4
119,수원,11/08/17,32.0,23.5,6.9,88.9,5.2
119,수원,12/08/17,32.4,23.0,,71.4,9.0
119,수원,13/08/17,27.3,24.0,0.0,72.6,1.0
119,수원,14/08/17,25.6,22.3,8.0,86.5,0.3
119,수원,15/08/17,23.8,21.1,50.9,98.5,0.0
119,수원,16/08/17,27.9,21.6,1.9,91.5,1.0
119,수원,17/08/17,29.8,22.1,0.2,87.4,4.8
119,수원,18/08/17,30.9,22.6,,85.0,5.7
119,수원,19/08/17,28.9,22.3,13.7,88.4,0.0
119,수원,20/08/17,27.0,22.1,130.8,97.5,0.3
119,수원,21/08/17,28.6,23.2,22.6,95.0,3.5
119,수원,22/08/17,32.1,23.0,,85.3,9.9
119,수원,23/08/17,31.4,23.7,34.8,93.9,4.1
119,수원,24/08/17,29.2,23.5,38.1,96.3,0.5
119,수원,25/08/17,31.5,20.9,,74.0,10.1
119,수원,26/08/17,29.6,17.6,,62.0,11.8
119,수원,27/08/17,26.6,18.5,0.0,74.0,1.5
119,수원,28/08/17,26.1,18.3,30.4,86.6,0.8
119,수원,29/08/17,24.3,17.4,,57.6,10.9
119,수원,30/08/17,23.6,16.0,,61.6,1.7
119,수원,31/08/17,28.2,15.1,,73.0,10.4
119,수원,01/09/17,29.7,15.8,,61.3,12.2
119,수원,02/09/17,29.5,17.5,,69.6,10.5
119,수원,03/09/17,29.1,17.6,,71.4,9.6
119,수원,04/09/17,29.2,17.9,,60.6,9.7
119,수원,05/09/17,23.8,19.8,0.0,70.4,0.0
119,수원,06/09/17,22.9,18.3,1.3,89.6,0.0
119,수원,07/09/17,27.7,16.5,,85.1,8.8
119,수원,08/09/17,29.8,19.6,,81.3,8.6
119,수원,09/09/17,29.4,18.5,,83.8,7.5
119,수원,10/09/17,25.2,18.6,0.0,87.8,0.0
119,수원,11/09/17,25.1,18.2,15.7,91.6,2.7
119,수원,12/09/17,27.6,16.7,,70.3,11.3
119,수원,13/09/17,27.5,13.9,,64.0,11.8
119,수원,14/09/17,28.8,13.7,,64.4,11.9
119,수원,15/09/17,27.7,17.8,,54.4,10.2
119,수원,16/09/17,26.3,16.6,,56.5,8.1
119,수원,17/09/17,28.5,18.3,,61.3,8.9
119,수원,18/09/17,27.3,14.9,,76.4,11.6
119,수원,19/09/17,27.0,17.5,7.8,89.3,1.4
119,수원,20/09/17,23.9,12.3,,63.4,11.8
119,수원,21/09/17,26.5,12.6,,72.3,11.5
119,수원,22/09/17,27.6,14.4,,73.8,11.0
119,수원,23/09/17,27.0,16.2,,85.4,5.4
119,수원,24/09/17,27.6,18.9,,87.8,5.6
119,수원,25/09/17,29.7,18.0,,75.3,9.8
119,수원,26/09/17,29.3,18.3,0.0,68.9,7.8
119,수원,27/09/17,26.6,17.6,1.3,74.4,2.0
119,수원,28/09/17,24.9,13.6,,53.6,11.3
119,수원,29/09/17,21.9,8.6,,51.6,9.8
119,수원,30/09/17,25.9,11.7,,73.4,8.5
119,수원,01/10/17,21.8,14.8,10.0,88.5,1.2
119,수원,02/10/17,28.6,15.4,1.6,72.1,9.6
119,수원,03/10/17,22.8,12.8,,53.3,4.4
119,수원,04/10/17,23.2,10.1,,56.3,8.4
119,수원,05/10/17,22.2,14.2,,63.5,4.8
119,수원,06/10/17,21.5,13.4,0.0,71.4,2.8
119,수원,07/10/17,26.3,16.6,,79.0,6.0
119,수원,08/10/17,27.1,17.5,,80.9,8.0
119,수원,09/10/17,27.8,16.8,,79.0,9.7
119,수원,10/10/17,25.3,16.8,0.1,87.3,1.2
119,수원,11/10/17,21.2,12.2,16.8,87.1,0.5
119,수원,12/10/17,13.9,7.3,0.2,79.5,0.1
119,수원,13/10/17,18.3,4.4,,66.8,8.4
119,수원,14/10/17,20.2,6.4,,54.3,8.7
119,수원,15/10/17,21.6,7.1,,57.1,7.4
119,수원,16/10/17,21.8,13.1,,56.4,3.5
119,수원,17/10/17,22.9,7.0,,62.8,10.3
119,수원,18/10/17,18.1,13.5,0.0,64.8,0.2
119,수원,19/10/17,21.9,11.5,,65.9,9.3
119,수원,20/10/17,23.8,9.2,,70.4,10.3
119,수원,21/10/17,24.6,8.5,,70.1,10.2
119,수원,22/10/17,22.4,7.4,,62.3,10.0
119,수원,23/10/17,19.1,8.6,,56.9,10.1
119,수원,24/10/17,20.1,8.1,,66.9,7.4
119,수원,25/10/17,20.2,6.9,,78.4,9.4
119,수원,26/10/17,19.9,8.6,,63.5,4.1
119,수원,27/10/17,23.3,10.0,,68.4,9.1
119,수원,28/10/17,24.1,8.4,,67.8,9.9
119,수원,29/10/17,18.1,6.2,,55.6,7.3
119,수원,30/10/17,13.3,2.1,,42.0,10.2
119,수원,31/10/17,16.9,0.3,,71.9,10.0
119,수원,01/11/17,19.2,7.8,,83.4,2.3
119,수원,02/11/17,19.2,11.6,0.0,87.4,1.3
119,수원,03/11/17,18.4,6.3,2.2,72.6,5.2
119,수원,04/11/17,14.2,3.0,,62.1,9.0
119,수원,05/11/17,15.5,0.4,,75.0,8.1
119,수원,06/11/17,16.5,4.8,,77.5,7.7
119,수원,07/11/17,20.0,6.4,0.0,71.0,5.1
119,수원,08/11/17,18.2,6.6,0.2,67.4,7.4
119,수원,09/11/17,16.6,1.8,,58.8,9.0
119,수원,10/11/17,16.8,4.3,9.6,72.9,1.9
119,수원,11/11/17,11.3,1.0,,54.9,9.6
119,수원,12/11/17,12.1,-1.3,,76.5,9.6
119,수원,13/11/17,11.7,1.0,7.8,74.8,0.6
119,수원,14/11/17,12.5,3.5,,53.8,8.9
119,수원,15/11/17,8.7,0.2,0.2,49.8,7.4
119,수원,16/11/17,7.8,-2.4,,46.1,9.5
119,수원,17/11/17,6.8,-2.8,0.2,52.9,0.1
119,수원,18/11/17,2.9,-3.9,,39.5,9.7
119,수원,19/11/17,5.5,-6.1,,40.6,7.9
119,수원,20/11/17,6.1,-4.6,0.7,71.5,5.5
119,수원,21/11/17,8.4,-5.2,,75.4,9.4
119,수원,22/11/17,12.2,-1.1,0.1,62.0,4.7
119,수원,23/11/17,6.5,-3.2,1.9,61.1,5.7
119,수원,24/11/17,4.5,-2.5,1.5,77.4,5.1
119,수원,25/11/17,9.7,-3.6,13.0,86.0,3.9
119,수원,26/11/17,10.2,-0.5,0.2,71.8,8.5
119,수원,27/11/17,9.4,-3.5,,71.4,9.3
119,수원,28/11/17,12.2,-0.7,0.0,76.4,4.0
119,수원,29/11/17,8.5,-1.5,0.0,48.5,8.0
119,수원,30/11/17,3.8,-4.3,,30.9,9.1
119,수원,01/12/17,4.6,-6.3,0.0,54.0,8.2
119,수원,02/12/17,7.1,-5.0,,72.9,8.5
119,수원,03/12/17,7.9,1.2,4.0,90.1,0.4
119,수원,04/12/17,4.4,-5.0,0.4,57.0,8.2
119,수원,05/12/17,0.7,-6.8,0.0,44.6,9.3
119,수원,06/12/17,5.7,-3.8,3.2,77.3,7.4
119,수원,07/12/17,7.2,-2.7,0.2,65.8,7.4
119,수원,08/12/17,0.8,-5.5,,43.9,9.1
119,수원,09/12/17,4.4,-5.2,,57.3,5.5
119,수원,10/12/17,7.2,-1.4,7.6,76.8,1.2
119,수원,11/12/17,-1.3,-9.8,,42.8,8.5
119,수원,12/12/17,-3.2,-11.2,,44.5,9.1
119,수원,13/12/17,-1.9,-11.3,,40.6,9.0
119,수원,14/12/17,-0.6,-11.5,,50.8,4.2
119,수원,15/12/17,1.6,-8.6,0.0,55.0,0.7
119,수원,16/12/17,-0.9,-7.3,,44.9,8.4
119,수원,17/12/17,-0.7,-11.0,0.0,46.9,8.9
119,수원,18/12/17,6.6,-5.4,1.2,71.0,4.3
119,수원,19/12/17,0.5,-7.7,,50.4,8.6
119,수원,20/12/17,2.7,-9.3,1.1,75.9,2.4
119,수원,21/12/17,4.1,-6.2,,88.8,5.5
119,수원,22/12/17,7.9,-4.2,,77.3,4.0
119,수원,23/12/17,9.0,1.9,,91.1,0.7
119,수원,24/12/17,5.2,-0.3,17.0,92.3,0.0
119,수원,25/12/17,1.9,-4.6,0.0,48.9,8.8
119,수원,26/12/17,1.1,-7.3,0.0,50.6,8.7
119,수원,27/12/17,-1.6,-9.5,,37.1,8.9
119,수원,28/12/17,3.4,-8.4,0.0,49.9,5.3
119,수원,29/12/17,7.8,-2.3,,73.5,1.0
119,수원,30/12/17,4.8,-2.8,3.3,90.0,0.4
119,수원,31/12/17,5.1,-2.1,0.5,60.6,8.3
119,수원,01/01/18,4.7,-6.9,,56.5,8.3
119,수원,02/01/18,3.3,-5.7,,53.9,6.0
119,수원,03/01/18,1.6,-6.9,,44.4,9.0
119,수원,04/01/18,-0.3,-7.8,,48.6,5.5
119,수원,05/01/18,2.5,-6.4,,66.8,7.1
119,수원,06/01/18,3.9,-8.4,,61.3,9.3
119,수원,07/01/18,3.1,-7.6,,57.0,2.8
119,수원,08/01/18,4.0,-1.1,2.0,63.6,0.4
119,수원,09/01/18,0.4,-5.4,1.1,65.9,7.3
119,수원,10/01/18,-2.5,-10.2,0.5,55.4,9.1
119,수원,11/01/18,-5.8,-13.2,,52.9,9.0
119,수원,12/01/18,-4.7,-14.3,0.0,44.8,9.2
119,수원,13/01/18,-0.6,-7.4,0.7,86.0,0.6
119,수원,14/01/18,5.2,-5.7,,73.5,7.0
119,수원,15/01/18,8.9,-1.3,0.4,77.4,7.6
119,수원,16/01/18,6.9,-2.5,0.0,73.3,0.1
119,수원,17/01/18,8.1,0.6,0.6,83.9,2.1
119,수원,18/01/18,6.8,-0.6,,62.8,1.7
119,수원,19/01/18,7.1,-2.9,,45.9,8.9
119,수원,20/01/18,7.2,-3.6,,70.6,3.7
119,수원,21/01/18,6.1,-5.7,,55.0,7.9
119,수원,22/01/18,6.2,-4.1,2.1,64.8,1.2
119,수원,23/01/18,-4.1,-13.7,0.0,41.0,9.2
119,수원,24/01/18,-8.4,-14.8,,32.1,9.6
119,수원,25/01/18,-7.9,-15.2,,34.4,8.5
119,수원,26/01/18,-9.0,-16.8,,36.6,9.7
119,수원,27/01/18,-1.8,-16.0,,43.8,9.5
119,수원,28/01/18,0.3,-8.0,,36.5,8.0
119,수원,29/01/18,-3.4,-10.6,,39.4,9.2
119,수원,30/01/18,0.0,-13.0,0.5,68.4,5.1
119,수원,31/01/18,1.4,-6.1,,60.1,1.5
119,수원,01/02/18,3.6,-9.3,,48.6,9.9
119,수원,02/02/18,4.4,-9.5,,61.3,8.8
119,수원,03/02/18,-2.8,-10.0,0.4,52.3,9.8
119,수원,04/02/18,-4.6,-11.8,,42.8,9.9
119,수원,05/02/18,-4.0,-11.7,,39.9,10.1
119,수원,06/02/18,-4.8,-12.9,,39.3,9.4
119,수원,07/02/18,-1.2,-14.6,,49.6,9.9
119,수원,08/02/18,3.4,-11.2,,56.0,9.6
119,수원,09/02/18,6.2,-6.9,,49.4,1.7
119,수원,10/02/18,5.9,-6.5,,50.9,5.9
119,수원,11/02/18,-0.4,-8.3,1.9,56.1,6.6
119,수원,12/02/18,-1.6,-12.9,1.0,65.5,8.3
119,수원,13/02/18,5.3,-11.3,,74.6,9.6
119,수원,14/02/18,9.1,-4.0,,61.6,3.2
119,수원,15/02/18,5.9,-4.0,,37.4,9.8
119,수원,16/02/18,6.0,-7.2,,53.0,9.5
119,수원,17/02/18,2.4,-6.2,,35.1,9.4
119,수원,18/02/18,5.8,-5.2,,35.3,5.0
119,수원,19/02/18,7.4,-4.2,,62.8,4.4
119,수원,20/02/18,7.5,-4.2,0.1,56.5,5.7
119,수원,21/02/18,5.4,-4.4,,36.0,10.2
119,수원,22/02/18,5.9,-5.3,0.0,61.5,4.7
119,수원,23/02/18,10.3,-0.7,2.8,82.4,2.8
119,수원,24/02/18,8.3,-1.9,,62.1,7.8
119,수원,25/02/18,8.8,-2.5,,48.8,8.9
119,수원,26/02/18,11.1,-4.2,,59.1,10.4
119,수원,27/02/18,7.7,-2.7,,59.4,0.0
119,수원,28/02/18,8.8,2.4,22.9,76.8,0.0
119,수원,01/03/18,3.8,-3.7,2.9,68.3,8.6
119,수원,02/03/18,6.3,-6.2,,38.3,10.7
119,수원,03/03/18,16.8,-1.0,0.0,42.9,10.5
119,수원,04/03/18,13.9,7.6,13.1,90.0,0.1
119,수원,05/03/18,11.3,2.1,7.2,68.3,7.2
119,수원,06/03/18,11.9,-2.0,,61.8,10.9
119,수원,07/03/18,12.2,0.1,2.5,60.1,4.2
119,수원,08/03/18,9.3,1.4,6.9,85.0,3.1
119,수원,09/03/18,10.0,1.0,,74.1,6.8
119,수원,10/03/18,10.8,-1.5,,75.1,8.4
119,수원,11/03/18,13.4,1.3,,66.3,10.1
119,수원,12/03/18,16.7,0.1,,69.4,8.0
119,수원,13/03/18,19.4,2.3,,70.3,7.3
119,수원,14/03/18,23.2,12.9,,62.1,7.9
119,수원,15/03/18,15.5,8.0,46.5,99.1,0.0
119,수원,16/03/18,11.9,4.6,,53.6,10.9
119,수원,17/03/18,14.5,1.4,,53.5,9.5
119,수원,18/03/18,12.7,4.2,1.3,66.3,0.2
119,수원,19/03/18,10.8,6.9,3.5,76.0,0.0
119,수원,20/03/18,9.4,2.5,,43.3,5.1
119,수원,21/03/18,2.7,0.1,2.1,78.1,0.0
119,수원,22/03/18,11.4,0.3,,75.1,11.0
119,수원,23/03/18,13.2,0.3,,71.8,7.9
119,수원,24/03/18,14.7,2.3,,81.8,6.8
119,수원,25/03/18,18.4,4.5,,77.4,9.1
119,수원,26/03/18,19.5,4.6,,78.3,8.3
119,수원,27/03/18,21.3,4.6,,75.3,9.1
119,수원,28/03/18,21.1,8.2,,74.5,6.9
119,수원,29/03/18,21.5,9.7,,80.5,5.1
119,수원,30/03/18,21.2,7.5,,68.6,8.7
119,수원,31/03/18,21.3,7.1,,65.8,9.8
119,수원,01/04/18,18.0,9.3,,78.9,0.1
119,수원,02/04/18,25.0,12.0,,75.1,5.6
119,수원,03/04/18,23.8,14.1,,77.8,2.9
119,수원,04/04/18,16.6,10.2,19.1,78.6,3.8
119,수원,05/04/18,10.3,7.5,16.3,95.9,0.0
119,수원,06/04/18,9.3,3.5,8.9,76.1,4.3
119,수원,07/04/18,9.8,2.6,0.0,49.1,10.7
119,수원,08/04/18,10.2,0.0,0.5,62.1,3.2
119,수원,09/04/18,16.8,0.9,,59.9,11.5
119,수원,10/04/18,22.4,5.3,1.1,56.9,6.2
119,수원,11/04/18,18.1,8.2,,58.8,11.4
119,수원,12/04/18,20.5,4.9,,50.4,11.2
119,수원,13/04/18,19.7,5.4,,36.6,1.7
119,수원,14/04/18,14.4,7.2,9.6,85.4,0.1
119,수원,15/04/18,14.9,5.7,,77.9,8.4
119,수원,16/04/18,19.3,3.2,,59.8,12.2
119,수원,17/04/18,20.6,4.8,,50.6,10.7
119,수원,18/04/18,19.4,3.2,,53.3,12.0
119,수원,19/04/18,21.7,4.1,,49.4,11.5
119,수원,20/04/18,27.0,8.5,,54.9,11.2
119,수원,21/04/18,27.3,8.7,,51.1,12.2
119,수원,22/04/18,21.2,11.8,4.5,68.6,0.0
119,수원,23/04/18,13.1,9.5,66.2,98.3,0.0
119,수원,24/04/18,16.5,8.2,2.6,66.8,0.0
119,수원,25/04/18,24.1,3.7,,52.0,12.5
119,수원,26/04/18,22.5,7.1,,63.4,11.5
119,수원,27/04/18,22.8,7.4,,70.8,10.6
119,수원,28/04/18,22.4,8.2,,64.6,12.0
119,수원,29/04/18,24.0,7.2,,59.4,11.9
119,수원,30/04/18,25.8,11.7,,69.6,9.8
119,수원,01/05/18,25.1,17.6,0.0,79.9,2.7
119,수원,02/05/18,20.6,10.7,4.1,94.4,0.0
119,수원,03/05/18,16.8,6.9,0.0,67.6,10.0
119,수원,04/05/18,20.3,8.2,,55.4,12.5
119,수원,05/05/18,25.1,8.6,,57.4,10.0
119,수원,06/05/18,19.2,14.5,22.7,96.6,0.8
119,수원,07/05/18,27.1,13.4,,73.1,6.7
119,수원,08/05/18,22.8,12.4,,58.4,9.8
119,수원,09/05/18,22.2,9.9,,58.1,12.8
119,수원,10/05/18,22.5,9.5,,79.4,12.5
119,수원,11/05/18,22.2,10.9,0.0,68.6,5.3
119,수원,12/05/18,16.3,11.7,36.0,94.6,0.0
119,수원,13/05/18,19.3,11.3,0.5,92.5,4.3
119,수원,14/05/18,25.7,10.8,,83.3,7.7
119,수원,15/05/18,29.1,14.1,0.0,66.9,8.1
119,수원,16/05/18,24.5,21.8,28.3,95.4,0.0
119,수원,17/05/18,24.8,19.5,64.8,98.6,0.1
119,수원,18/05/18,20.0,12.6,5.2,93.0,0.0
119,수원,19/05/18,24.3,10.6,,56.1,13.6
119,수원,20/05/18,23.7,12.6,,39.6,5.1
119,수원,21/05/18,22.9,9.2,,56.6,10.0
119,수원,22/05/18,23.8,15.1,13.6,80.8,2.6
119,수원,23/05/18,22.9,11.9,6.6,71.5,13.1
119,수원,24/05/18,24.9,10.3,,59.6,12.5
119,수원,25/05/18,26.6,12.0,,54.9,9.9
119,수원,26/05/18,29.5,12.0,,63.3,13.3
119,수원,27/05/18,24.6,14.8,,58.1,1.3
119,수원,28/05/18,29.4,12.7,,63.0,12.8
119,수원,29/05/18,26.8,17.5,10.9,78.3,2.5
119,수원,30/05/18,25.3,14.4,3.7,89.5,8.0
119,수원,31/05/18,26.2,13.4,,75.9,11.3
119,수원,01/06/18,29.9,14.9,,62.5,13.5
119,수원,02/06/18,29.5,14.6,,59.0,13.5
119,수원,03/06/18,30.9,14.0,,57.4,13.0
119,수원,04/06/18,27.3,16.4,,63.1,8.3
119,수원,05/06/18,30.1,18.6,,62.3,11.7
119,수원,06/06/18,27.9,16.6,,78.1,12.5
119,수원,07/06/18,29.0,16.5,,83.8,8.0
119,수원,08/06/18,26.9,17.6,,79.0,8.5
119,수원,09/06/18,29.5,17.1,0.1,66.0,6.7
119,수원,10/06/18,25.8,17.2,1.4,62.8,2.0
119,수원,11/06/18,23.8,18.2,0.0,67.4,2.4
119,수원,12/06/18,27.8,17.5,0.3,72.3,10.7
119,수원,13/06/18,27.3,16.9,,72.8,5.1
119,수원,14/06/18,25.9,18.5,3.4,71.9,2.6
119,수원,15/06/18,26.3,17.7,0.3,60.4,9.3
119,수원,16/06/18,29.1,16.3,,60.9,13.5
119,수원,17/06/18,28.6,16.4,,78.6,2.2
119,수원,18/06/18,30.6,18.7,,69.3,11.7
119,수원,19/06/18,26.0,17.5,,73.4,1.3
119,수원,20/06/18,28.9,18.1,,78.9,10.9
119,수원,21/06/18,28.8,18.8,,71.3,11.4
119,수원,22/06/18,32.6,16.9,,60.5,12.3
119,수원,23/06/18,30.8,20.1,,62.9,8.2
119,수원,24/06/18,33.3,19.9,,73.8,11.2
119,수원,25/06/18,33.1,20.0,,65.0,6.9
119,수원,26/06/18,26.0,19.6,95.5,94.0,0.0
119,수원,27/06/18,28.0,18.8,0.2,92.4,2.2
119,수원,28/06/18,26.3,20.7,3.1,95.0,0.9
119,수원,29/06/18,29.9,21.5,1.0,88.3,7.0
119,수원,30/06/18,29.7,20.7,1.7,88.3,1.7
119,수원,01/07/18,23.9,20.8,105.7,98.6,0.0
119,수원,02/07/18,28.0,20.4,76.3,98.9,0.3
119,수원,03/07/18,33.5,22.6,17.7,85.8,8.7
119,수원,04/07/18,32.3,22.6,,84.1,11.4
119,수원,05/07/18,30.8,22.4,0.3,84.0,3.2
119,수원,06/07/18,27.5,22.2,0.0,67.3,2.5
119,수원,07/07/18,29.6,20.4,,57.5,9.0
119,수원,08/07/18,28.2,18.5,,58.4,10.4
119,수원,09/07/18,23.6,20.3,11.5,91.0,0.0
119,수원,10/07/18,27.9,20.5,2.9,88.6,0.0
119,수원,11/07/18,30.9,24.2,4.2,85.3,0.9
119,수원,12/07/18,31.1,25.0,0.0,83.5,5.4
119,수원,13/07/18,32.4,24.0,0.1,81.0,7.2
119,수원,14/07/18,32.8,23.9,,77.3,10.5
119,수원,15/07/18,34.0,23.4,,77.1,11.5
119,수원,16/07/18,33.7,22.8,,73.6,13.5
119,수원,17/07/18,32.4,22.3,,75.3,13.3
119,수원,18/07/18,33.4,22.6,,75.9,13.2
119,수원,19/07/18,33.4,22.1,,73.5,13.2
119,수원,20/07/18,34.0,22.8,,71.1,12.6
119,수원,21/07/18,36.7,23.1,,63.9,13.2
119,수원,22/07/18,37.5,23.9,,60.0,11.2
119,수원,23/07/18,36.0,28.2,,60.6,9.5
119,수원,24/07/18,36.5,25.6,,68.8,12.2
119,수원,25/07/18,33.9,27.3,,71.9,6.3
119,수원,26/07/18,34.2,25.9,,76.8,7.6
119,수원,27/07/18,35.7,26.4,,78.5,10.1
119,수원,28/07/18,34.9,25.9,4.0,86.6,3.9
119,수원,29/07/18,35.9,25.3,,60.5,11.6
119,수원,30/07/18,36.3,26.6,,57.9,10.7
119,수원,31/07/18,37.5,27.8,,58.5,12.1
119,수원,01/08/18,39.3,26.6,,66.0,13.2
119,수원,02/08/18,38.1,27.8,,63.9,9.7
119,수원,03/08/18,37.6,28.0,,63.8,12.2
119,수원,04/08/18,35.0,27.2,,72.6,10.7
119,수원,05/08/18,34.3,26.2,0.0,78.9,10.8
119,수원,06/08/18,34.8,27.2,1.0,79.9,7.1
119,수원,07/08/18,36.4,27.4,0.0,69.1,9.2
119,수원,08/08/18,36.0,26.1,,75.3,10.3
119,수원,09/08/18,34.1,26.2,,80.5,5.7
119,수원,10/08/18,37.0,26.7,,65.8,11.3
119,수원,11/08/18,35.6,26.8,,62.6,9.0
119,수원,12/08/18,35.6,25.8,2.8,65.5,9.8
119,수원,13/08/18,36.7,26.2,,70.1,9.7
119,수원,14/08/18,37.1,27.8,,62.9,7.6
119,수원,15/08/18,39.2,28.6,,60.1,11.3
119,수원,16/08/18,35.9,24.7,,56.5,11.0
119,수원,17/08/18,32.5,22.3,,47.8,12.6
119,수원,18/08/18,32.1,21.5,,56.4,10.8
119,수원,19/08/18,33.8,22.0,,62.0,9.1
119,수원,20/08/18,32.8,24.3,,65.4,4.8
119,수원,21/08/18,30.1,23.2,5.7,82.4,3.8
119,수원,22/08/18,37.2,23.1,,64.5,11.9
119,수원,23/08/18,33.2,24.9,3.7,66.0,0.6
119,수원,24/08/18,28.0,22.9,12.2,91.1,0.5
119,수원,25/08/18,29.6,21.0,,80.8,4.5
119,수원,26/08/18,25.9,19.0,4.0,82.3,0.5
119,수원,27/08/18,24.6,19.3,53.1,99.4,0.0
119,수원,28/08/18,25.4,22.3,124.8,100.0,0.0
119,수원,29/08/18,29.6,22.8,8.5,88.3,2.9
119,수원,30/08/18,31.4,24.4,1.9,85.3,6.5
119,수원,31/08/18,30.0,21.3,0.9,78.6,7.7
119,수원,01/09/18,30.7,19.9,,68.8,11.1
119,수원,02/09/18,29.9,20.2,,62.8,9.1
119,수원,03/09/18,28.5,22.5,17.7,85.0,1.1
119,수원,04/09/18,29.3,20.0,,77.0,10.0
119,수원,05/09/18,29.0,18.1,,72.1,11.1
119,수원,06/09/18,28.8,19.7,6.7,83.6,2.6
119,수원,07/09/18,25.4,17.9,1.0,65.9,9.5
119,수원,08/09/18,28.2,14.0,,61.9,12.1
119,수원,09/09/18,28.3,14.2,,65.3,10.3
119,수원,10/09/18,28.0,18.2,,56.4,10.7
119,수원,11/09/18,25.7,16.2,,56.3,8.4
119,수원,12/09/18,27.6,16.1,,60.9,10.4
119,수원,13/09/18,28.0,20.4,,69.6,5.4
119,수원,14/09/18,25.1,20.4,0.2,74.8,0.1
119,수원,15/09/18,23.6,20.1,6.9,93.5,0.0
119,수원,16/09/18,25.4,20.6,1.6,92.8,0.0
119,수원,17/09/18,27.8,17.9,0.0,75.5,11.4
119,수원,18/09/18,26.9,16.4,,72.0,7.2
119,수원,19/09/18,26.9,18.1,0.1,69.9,0.7
119,수원,20/09/18,20.3,17.6,5.7,92.0,0.0
119,수원,21/09/18,22.1,17.6,20.0,93.4,0.1
119,수원,22/09/18,26.5,14.7,0.5,75.4,10.6
119,수원,23/09/18,25.7,14.6,1.3,67.5,6.7
119,수원,24/09/18,23.3,11.9,,63.9,11.1
119,수원,25/09/18,24.1,9.2,,61.8,10.5
119,수원,26/09/18,24.8,16.0,,58.3,7.0
119,수원,27/09/18,24.8,11.6,,58.1,10.4
119,수원,28/09/18,21.3,13.8,,66.5,2.7
119,수원,29/09/18,27.0,13.4,,70.0,11.2
119,수원,30/09/18,22.4,12.9,,64.4,10.8
119,수원,01/10/18,20.8,10.8,0.1,64.1,6.7
119,수원,02/10/18,21.8,8.9,,74.1,11.0
119,수원,03/10/18,24.6,9.8,,72.5,11.0
119,수원,04/10/18,25.6,11.6,,64.3,8.9
119,수원,05/10/18,19.4,15.6,27.2,89.4,0.0
119,수원,06/10/18,22.6,14.8,76.0,91.3,2.4
119,수원,07/10/18,22.2,11.4,,65.8,10.4
119,수원,08/10/18,21.2,7.4,,63.9,9.3
119,수원,09/10/18,19.7,8.9,,67.8,1.9
119,수원,10/10/18,16.2,8.0,3.0,63.8,6.8
119,수원,11/10/18,15.5,4.0,,60.3,8.3
119,수원,12/10/18,17.8,3.9,,68.8,11.0
119,수원,13/10/18,19.7,5.0,,71.0,10.7
119,수원,14/10/18,21.0,5.8,,69.8,9.7
119,수원,15/10/18,21.8,8.6,,84.5,7.7
119,수원,16/10/18,20.7,8.9,,76.5,5.9
119,수원,17/10/18,19.0,6.6,,72.5,10.5
119,수원,18/10/18,18.8,5.0,3.8,86.9,7.3
119,수원,19/10/18,20.5,6.0,,67.5,10.8
119,수원,20/10/18,21.6,5.5,,72.9,10.1
119,수원,21/10/18,21.1,5.2,,70.3,10.3
119,수원,22/10/18,20.1,6.7,,72.3,6.3
119,수원,23/10/18,16.3,7.5,5.9,94.0,4.1
119,수원,24/10/18,19.3,6.0,,80.5,10.1
119,수원,25/10/18,21.5,5.6,,69.8,9.5
119,수원,26/10/18,14.7,10.1,7.2,79.9,2.0
119,수원,27/10/18,13.6,5.5,0.0,55.9,8.6
119,수원,28/10/18,16.1,5.0,9.4,82.5,3.2
119,수원,29/10/18,13.5,3.9,0.1,70.3,5.6
119,수원,30/10/18,12.5,-0.2,0.0,61.1,10.4
119,수원,31/10/18,13.1,2.9,0.0,66.6,10.3
119,수원,01/11/18,16.7,0.6,,71.5,10.3
119,수원,02/11/18,19.9,2.4,,73.6,10.1
119,수원,03/11/18,19.5,3.6,,76.3,9.9
119,수원,04/11/18,20.6,3.6,,69.8,9.6
119,수원,05/11/18,18.7,4.6,,82.4,8.2
119,수원,06/11/18,18.1,6.5,,87.3,2.6
119,수원,07/11/18,17.6,11.1,1.7,83.6,0.5
119,수원,08/11/18,15.4,11.9,64.0,98.0,0.0
119,수원,09/11/18,16.6,8.6,0.0,76.5,6.3
119,수원,10/11/18,17.8,6.8,,81.0,8.5
119,수원,11/11/18,12.1,4.8,0.0,80.1,0.5
119,수원,12/11/18,15.9,2.4,,67.3,9.7
119,수원,13/11/18,15.7,1.9,,73.4,9.4
119,수원,14/11/18,17.4,2.4,,77.0,9.2
119,수원,15/11/18,16.9,2.8,,74.6,8.5
119,수원,16/11/18,15.8,5.3,,75.5,4.3
119,수원,17/11/18,11.8,0.0,,57.9,6.0
119,수원,18/11/18,12.0,0.6,,64.4,4.5
119,수원,19/11/18,14.2,1.6,,64.6,8.2
119,수원,20/11/18,12.6,-1.1,,51.1,9.2
119,수원,21/11/18,8.7,1.9,5.4,83.8,0.0
119,수원,22/11/18,8.6,-2.4,,48.6,9.5
119,수원,23/11/18,7.9,-4.3,,43.9,8.7
119,수원,24/11/18,5.1,0.3,7.0,77.1,1.4
119,수원,25/11/18,11.9,2.8,,83.9,6.3
119,수원,26/11/18,14.2,0.7,,80.8,8.8
119,수원,27/11/18,12.6,0.8,,71.6,0.5
119,수원,28/11/18,12.6,1.6,,35.3,6.2
119,수원,29/11/18,9.4,-1.0,,52.8,0.6
119,수원,30/11/18,9.7,-2.7,,57.8,9.2
119,수원,01/12/18,12.6,-0.3,,61.8,7.0
119,수원,02/12/18,13.4,0.9,0.0,62.6,2.5
119,수원,03/12/18,13.4,9.3,10.3,94.8,0.0
119,수원,04/12/18,11.9,0.9,10.0,75.6,3.1
119,수원,05/12/18,6.7,-3.0,,43.6,6.4
119,수원,06/12/18,8.6,-0.5,1.0,62.3,6.1
119,수원,07/12/18,-0.2,-8.3,,41.8,8.9
119,수원,08/12/18,-2.6,-10.2,,42.1,9.1
119,수원,09/12/18,-0.7,-11.1,,36.1,8.5
119,수원,10/12/18,5.8,-9.0,,45.5,7.1
119,수원,11/12/18,3.8,-3.6,0.0,59.3,0.0
119,수원,12/12/18,3.9,-4.4,,44.8,9.0
119,수원,13/12/18,3.9,-5.5,2.7,67.3,4.3
119,수원,14/12/18,1.4,-9.2,,60.0,9.1
119,수원,15/12/18,3.4,-9.5,,64.4,8.0
119,수원,16/12/18,3.2,-4.1,0.0,71.4,0.4
119,수원,17/12/18,7.4,-2.8,0.0,65.1,7.6
119,수원,18/12/18,9.3,-4.5,,74.0,6.2
119,수원,19/12/18,10.4,-2.0,,74.5,7.6
119,수원,20/12/18,11.7,-2.1,,61.5,6.9
119,수원,21/12/18,11.3,-2.4,,56.9,4.3
119,수원,22/12/18,13.1,0.6,,60.4,7.6
119,수원,23/12/18,9.4,-2.6,,43.9,8.5
119,수원,24/12/18,4.2,-5.6,,45.6,8.6
119,수원,25/12/18,3.2,-5.8,0.1,69.0,0.7
119,수원,26/12/18,4.3,-5.1,,41.0,8.1
119,수원,27/12/18,-4.8,-11.6,,32.3,9.1
119,수원,28/12/18,-5.3,-13.2,,40.6,9.0
119,수원,29/12/18,-1.8,-9.8,,37.6,9.1
119,수원,30/12/18,-0.5,-11.6,,46.3,8.7
119,수원,31/12/18,1.4,-12.4,,59.0,8.9
119,수원,01/01/19,0.2,-9.0,,64.8,5.3
119,수원,02/01/19,1.5,-10.7,,61.1,9.0
119,수원,03/01/19,4.2,-10.1,,52.3,9.1
119,수원,04/01/19,4.2,-8.7,,73.9,3.7
119,수원,05/01/19,2.8,-6.4,,45.0,8.8
119,수원,06/01/19,3.1,-7.8,,53.9,7.9
119,수원,07/01/19,4.7,-8.5,,73.5,6.9
119,수원,08/01/19,2.4,-7.3,,43.1,8.8
119,수원,09/01/19,1.4,-10.6,,39.3,8.8
119,수원,10/01/19,2.0,-4.0,,59.1,2.4
119,수원,11/01/19,7.3,-1.1,,70.1,6.4
119,수원,12/01/19,9.1,-2.8,,64.6,4.5
119,수원,13/01/19,8.1,-5.6,,77.9,8.7
119,수원,14/01/19,4.7,-4.5,,87.3,0.0
119,수원,15/01/19,3.9,-6.7,0.0,63.5,3.6
119,수원,16/01/19,-0.4,-9.4,0.0,49.5,8.5
119,수원,17/01/19,5.7,-4.5,0.1,60.8,9.1
119,수원,18/01/19,7.4,-7.6,,66.6,8.7
119,수원,19/01/19,9.2,-2.4,,70.5,6.1
119,수원,20/01/19,4.0,-5.1,,45.1,9.4
119,수원,21/01/19,6.4,-8.1,0.0,64.8,2.6
119,수원,22/01/19,7.8,-4.9,,79.8,8.2
119,수원,23/01/19,9.1,-4.2,,60.0,8.7
119,수원,24/01/19,7.4,-6.4,,42.9,9.6
119,수원,25/01/19,4.4,-6.3,,44.4,9.3
119,수원,26/01/19,3.6,-6.1,,41.6,9.7
119,수원,27/01/19,5.4,-8.8,,64.9,7.7
119,수원,28/01/19,5.0,-3.1,0.4,48.5,8.5
119,수원,29/01/19,7.4,-6.7,,44.9,9.5
119,수원,30/01/19,8.9,-4.1,,66.0,8.4
119,수원,31/01/19,2.4,-5.5,,34.1,3.5
119,수원,01/02/19,4.8,-8.6,0.0,64.1,6.9
119,수원,02/02/19,7.0,-5.4,0.0,70.5,1.1
119,수원,03/02/19,6.1,1.2,22.7,98.1,0.0
119,수원,04/02/19,4.6,-3.5,,50.8,8.4
119,수원,05/02/19,10.1,-5.4,,54.5,7.6
119,수원,06/02/19,11.6,-2.2,,66.4,2.3
119,수원,07/02/19,6.1,-7.3,0.0,50.4,8.7
119,수원,08/02/19,0.4,-9.5,,38.8,7.8
119,수원,09/02/19,-0.5,-7.5,,31.8,9.9
119,수원,10/02/19,-0.4,-8.8,,41.1,0.7
119,수원,11/02/19,3.1,-7.5,,44.0,9.8
119,수원,12/02/19,5.3,-5.7,0.0,47.6,8.6
119,수원,13/02/19,3.8,-4.9,,34.8,9.4
119,수원,14/02/19,6.7,-5.7,,35.1,9.1
119,수원,15/02/19,1.0,-2.2,2.6,81.6,0.0
119,수원,16/02/19,2.2,-4.2,0.1,65.4,9.1
119,수원,17/02/19,4.9,-8.3,,57.5,10.4
119,수원,18/02/19,6.1,-6.2,,65.3,4.8
119,수원,19/02/19,4.1,-1.1,8.0,96.0,0.2
119,수원,20/02/19,5.4,-1.9,0.0,79.9,0.8
119,수원,21/02/19,8.9,-4.3,,75.8,9.7
119,수원,22/02/19,11.3,-3.5,,75.1,8.7
119,수원,23/02/19,14.8,-2.0,,62.5,8.4
119,수원,24/02/19,13.6,-2.0,,66.8,10.2
119,수원,25/02/19,11.0,-1.1,,74.3,6.9
119,수원,26/02/19,11.9,-3.5,,57.6,9.2
119,수원,27/02/19,12.8,2.4,,52.4,5.0
119,수원,28/02/19,14.0,-1.4,,61.3,8.7
119,수원,01/03/19,13.9,-1.5,,68.6,9.6
119,수원,02/03/19,14.6,-1.9,,61.9,6.2
119,수원,03/03/19,16.6,-1.2,,55.6,8.0
119,수원,04/03/19,15.9,3.0,,68.0,8.6
119,수원,05/03/19,13.8,1.8,,74.0,2.7
119,수원,06/03/19,12.4,3.2,,75.3,1.2
119,수원,07/03/19,13.8,-0.1,,72.4,10.0
119,수원,08/03/19,13.8,-1.3,,61.4,11.1
119,수원,09/03/19,15.9,-2.3,,48.8,9.5
119,수원,10/03/19,16.1,4.3,,34.3,1.0
119,수원,11/03/19,10.5,1.2,2.7,81.9,1.8
119,수원,12/03/19,9.2,0.5,,69.6,1.3
119,수원,13/03/19,8.9,-0.9,,45.8,10.8
119,수원,14/03/19,11.0,-3.3,,60.3,6.5
119,수원,15/03/19,12.5,1.2,2.0,77.6,3.9
119,수원,16/03/19,10.4,-0.2,,76.8,4.5
119,수원,17/03/19,12.8,-0.7,,68.4,9.1
119,수원,18/03/19,14.5,-1.6,,55.8,8.0
119,수원,19/03/19,18.2,0.5,,65.9,9.6
119,수원,20/03/19,16.1,4.6,23.6,85.4,0.0
119,수원,21/03/19,12.0,2.2,4.6,83.1,4.1
119,수원,22/03/19,10.0,-0.3,,44.1,11.0
119,수원,23/03/19,9.3,-2.0,1.5,56.1,8.4
119,수원,24/03/19,10.6,-2.5,,60.6,11.7
119,수원,25/03/19,14.0,0.5,,64.5,7.2
119,수원,26/03/19,17.8,3.8,,60.0,9.6
119,수원,27/03/19,17.5,5.3,,71.0,4.6
119,수원,28/03/19,15.4,5.2,,59.4,9.7
119,수원,29/03/19,15.2,5.8,,41.8,10.4
119,수원,30/03/19,10.0,3.0,4.7,83.5,1.9
119,수원,31/03/19,9.0,2.6,0.5,55.0,4.0
119,수원,01/04/19,11.5,-1.9,,49.4,12.0
119,수원,02/04/19,13.2,-1.1,,55.4,12.0
119,수원,03/04/19,14.4,0.1,,56.3,11.8
119,수원,04/04/19,17.3,0.9,,52.3,11.7
119,수원,05/04/19,16.9,4.7,,56.4,9.2
119,수원,06/04/19,13.9,2.9,0.0,51.4,1.4
119,수원,07/04/19,20.9,5.8,,41.3,8.9
119,수원,08/04/19,18.1,4.9,,34.6,10.8
119,수원,09/04/19,14.8,4.8,18.1,53.5,0.0
119,수원,10/04/19,10.6,4.9,2.8,84.1,0.2
119,수원,11/04/19,15.5,2.4,0.0,76.1,4.8
119,수원,12/04/19,18.7,2.8,,63.5,11.5
119,수원,13/04/19,18.7,3.3,,47.1,10.7
119,수원,14/04/19,13.8,5.9,0.6,55.6,4.5
119,수원,15/04/19,18.8,1.7,,51.8,12.2
119,수원,16/04/19,23.8,3.5,,39.3,10.4
119,수원,17/04/19,23.2,7.0,,53.4,12.4
119,수원,18/04/19,18.8,8.2,0.0,82.6,2.5
119,수원,19/04/19,19.2,9.5,,69.1,5.4
119,수원,20/04/19,20.4,9.9,0.1,69.9,6.1
119,수원,21/04/19,20.3,11.8,0.8,86.9,4.0
119,수원,22/04/19,29.2,8.5,,63.4,11.0
119,수원,23/04/19,25.7,13.0,0.0,65.4,3.7
119,수원,24/04/19,25.9,14.7,12.9,81.0,6.7
119,수원,25/04/19,17.5,8.7,5.8,86.3,0.0
119,수원,26/04/19,11.6,7.2,1.9,88.1,0.0
119,수원,27/04/19,18.5,3.2,,65.9,9.9
119,수원,28/04/19,16.8,8.2,0.0,66.9,1.3
119,수원,29/04/19,16.1,7.5,0.6,77.0,2.2
119,수원,30/04/19,23.1,7.3,,67.6,9.9
119,수원,01/05/19,21.1,9.2,,70.9,11.2
119,수원,02/05/19,25.3,7.2,,55.1,12.8
119,수원,03/05/19,26.9,7.2,,53.1,12.6
119,수원,04/05/19,26.9,9.5,,58.0,9.3
119,수원,05/05/19,27.5,10.6,,52.1,11.1
119,수원,06/05/19,20.0,8.6,0.0,44.0,13.1
119,수원,07/05/19,22.5,6.7,,50.8,13.1
119,수원,08/05/19,22.7,7.4,,57.9,11.9
119,수원,09/05/19,23.0,10.4,,56.3,12.3
119,수원,10/05/19,26.6,7.7,,63.9,12.1
119,수원,11/05/19,27.0,10.0,,54.0,12.6
119,수원,12/05/19,28.8,10.6,,49.8,11.1
119,수원,13/05/19,24.8,13.0,0.0,58.6,1.6
119,수원,14/05/19,27.2,12.6,,63.3,11.6
119,수원,15/05/19,27.9,13.7,,66.6,8.7
119,수원,16/05/19,30.5,15.0,,58.9,11.9
119,수원,17/05/19,28.4,15.5,,58.6,3.1
119,수원,18/05/19,25.0,18.1,0.0,60.5,2.0
119,수원,19/05/19,21.6,17.4,16.5,95.8,0.0
119,수원,20/05/19,19.5,10.7,2.2,72.5,9.8
119,수원,21/05/19,24.2,9.4,,65.6,13.4
119,수원,22/05/19,27.4,10.7,,57.1,12.8
119,수원,23/05/19,29.9,12.4,,61.1,13.3
119,수원,24/05/19,32.6,14.6,,63.0,12.5
119,수원,25/05/19,30.2,16.9,,57.3,8.6
119,수원,26/05/19,31.2,16.9,,51.6,11.5
119,수원,27/05/19,22.9,14.4,8.0,88.4,0.0
119,수원,28/05/19,24.6,11.0,,53.6,10.7
119,수원,29/05/19,27.1,11.8,,59.0,13.4
119,수원,30/05/19,26.8,12.3,0.0,60.1,6.6
119,수원,31/05/19,24.2,14.4,,59.9,12.1
119,수원,01/06/19,24.6,12.6,,71.6,7.1
119,수원,02/06/19,28.1,12.4,,55.4,13.0
119,수원,03/06/19,28.8,14.1,,55.8,12.2
119,수원,04/06/19,29.3,16.0,,66.6,12.9
119,수원,05/06/19,29.2,17.9,,76.5,8.8
119,수원,06/06/19,26.3,16.8,10.7,83.9,0.0
119,수원,07/06/19,24.5,17.1,38.7,82.0,3.7
119,수원,08/06/19,28.4,15.2,,69.0,10.6
119,수원,09/06/19,27.1,17.4,1.2,74.5,5.6
119,수원,10/06/19,23.9,16.0,10.1,73.6,4.2
119,수원,11/06/19,26.3,15.9,,60.4,11.2
119,수원,12/06/19,26.2,14.6,,73.4,12.8
119,수원,13/06/19,29.3,15.1,,64.3,12.4
119,수원,14/06/19,28.5,17.7,,67.5,5.8
119,수원,15/06/19,26.8,17.1,0.3,73.0,12.1
119,수원,16/06/19,28.4,15.3,,69.8,10.5
119,수원,17/06/19,26.5,17.2,0.2,72.1,11.3
119,수원,18/06/19,25.2,17.9,2.2,81.8,1.4
119,수원,19/06/19,27.0,18.8,0.5,82.1,4.3
119,수원,20/06/19,28.7,19.5,,78.3,5.6
119,수원,21/06/19,27.2,18.7,,79.1,5.3
119,수원,22/06/19,31.0,18.1,,53.5,11.4
119,수원,23/06/19,30.8,17.1,0.0,50.3,12.7
119,수원,24/06/19,30.7,19.2,,58.5,13.7
119,수원,25/06/19,32.7,17.2,,58.6,13.6
119,수원,26/06/19,28.0,19.4,0.2,67.3,0.1
119,수원,27/06/19,29.7,21.1,0.1,78.3,1.5
119,수원,28/06/19,29.8,21.1,0.7,80.0,3.1
119,수원,29/06/19,26.0,20.0,3.9,85.6,1.0
119,수원,30/06/19,28.0,19.7,0.0,84.6,1.5
119,수원,01/07/19,29.0,19.6,,76.1,9.2
119,수원,02/07/19,30.2,19.7,,75.3,10.1
119,수원,03/07/19,28.8,19.9,0.0,78.0,3.5
119,수원,04/07/19,31.6,18.4,,74.5,9.7
119,수원,05/07/19,35.0,19.3,,62.6,11.2
119,수원,06/07/19,35.1,20.3,,48.6,13.1
119,수원,07/07/19,31.9,23.6,,49.3,7.8
119,수원,08/07/19,30.0,21.3,0.0,53.1,9.0
119,수원,09/07/19,30.4,20.6,,54.4,9.1
119,수원,10/07/19,26.5,19.2,12.1,72.1,1.6
119,수원,11/07/19,26.8,19.6,0.1,86.5,0.3
119,수원,12/07/19,28.3,19.7,,77.3,8.7
119,수원,13/07/19,28.1,20.9,2.3,84.9,4.3
119,수원,14/07/19,31.2,20.6,,79.0,9.6
119,수원,15/07/19,27.2,21.4,1.5,88.1,0.4
119,수원,16/07/19,29.5,21.5,,81.5,3.0
119,수원,17/07/19,30.6,22.0,0.0,78.3,0.9
119,수원,18/07/19,32.3,23.2,,71.8,6.9
119,수원,19/07/19,33.8,22.1,0.1,72.6,8.0
119,수원,20/07/19,32.2,25.6,0.7,71.5,0.7
119,수원,21/07/19,28.0,23.7,13.6,94.1,0.3
119,수원,22/07/19,31.7,24.3,,80.8,0.0
119,수원,23/07/19,33.8,24.6,,76.9,
119,수원,24/07/19,27.7,24.7,1.1,88.5,0.0
119,수원,25/07/19,27.3,25.5,14.0,94.9,0.1
119,수원,26/07/19,28.5,24.7,108.0,94.3,0.4
119,수원,27/07/19,33.2,24.5,1.0,83.9,6.3
119,수원,28/07/19,28.0,24.8,25.6,89.9,0.0
119,수원,29/07/19,31.2,25.6,,80.3,3.3
119,수원,30/07/19,31.5,26.6,0.0,79.4,2.1
119,수원,31/07/19,28.8,23.8,10.8,89.4,0.1
119,수원,01/08/19,31.9,25.1,3.8,85.8,6.0
119,수원,02/08/19,33.9,24.5,,78.3,10.8
119,수원,03/08/19,35.5,24.6,0.0,74.6,10.6
119,수원,04/08/19,34.0,24.7,,74.3,9.9
119,수원,05/08/19,36.2,24.9,,69.6,9.1
119,수원,06/08/19,36.5,27.9,,57.1,9.2
119,수원,07/08/19,32.7,24.0,4.7,78.3,5.7
119,수원,08/08/19,33.2,24.9,,74.9,6.1
119,수원,09/08/19,34.1,25.1,,70.9,11.9
119,수원,10/08/19,36.3,25.6,,60.3,10.8
119,수원,11/08/19,35.3,25.5,4.8,49.6,8.6
119,수원,12/08/19,29.0,24.7,46.7,78.1,0.4
119,수원,13/08/19,34.7,25.0,0.4,68.9,8.6
119,수원,14/08/19,35.2,25.5,0.0,61.8,9.8
119,수원,15/08/19,29.8,23.8,29.1,73.0,0.2
119,수원,16/08/19,29.5,23.4,1.0,75.5,6.1
119,수원,17/08/19,27.6,21.3,6.6,79.3,5.0
119,수원,18/08/19,29.7,20.8,,68.9,10.7
119,수원,19/08/19,31.1,20.0,,65.5,11.2
119,수원,20/08/19,31.9,22.6,,50.1,10.7
119,수원,21/08/19,31.3,24.1,0.0,53.9,5.1
119,수원,22/08/19,30.5,23.8,0.0,67.0,8.0
119,수원,23/08/19,29.6,22.9,,71.3,10.6
119,수원,24/08/19,27.2,20.2,0.0,80.9,2.0
119,수원,25/08/19,28.8,19.7,,78.5,9.2
119,수원,26/08/19,31.0,20.1,,74.4,2.1
119,수원,27/08/19,28.8,21.5,5.5,84.6,3.9
119,수원,28/08/19,29.4,22.7,0.0,82.9,8.3
119,수원,29/08/19,27.1,20.0,15.3,87.0,4.8
119,수원,30/08/19,26.8,18.6,,78.5,10.4
119,수원,31/08/19,27.7,17.4,0.0,80.0,11.1
119,수원,01/09/19,28.2,18.5,,78.6,7.0
119,수원,02/09/19,29.2,19.2,,74.8,6.2
119,수원,03/09/19,26.2,21.5,0.0,82.0,0.2
119,수원,04/09/19,27.4,21.9,20.5,93.6,1.0
119,수원,05/09/19,27.6,22.1,80.6,96.6,1.0
119,수원,06/09/19,29.1,22.1,0.9,88.3,0.4
119,수원,07/09/19,30.4,23.4,0.4,79.8,0.3
119,수원,08/09/19,27.7,22.6,,89.9,0.9
119,수원,09/09/19,27.0,22.4,2.6,91.4,0.0
119,수원,10/09/19,29.1,22.7,50.3,94.3,1.9
119,수원,11/09/19,27.4,21.5,7.1,84.6,0.6
119,수원,12/09/19,23.4,17.7,28.3,83.9,0.0
119,수원,13/09/19,28.7,17.4,0.1,76.0,10.9
119,수원,14/09/19,24.1,20.7,1.3,89.5,0.6
119,수원,15/09/19,29.4,19.6,,83.5,10.0
119,수원,16/09/19,29.4,19.2,,68.1,10.3
119,수원,17/09/19,29.4,16.6,,58.3,10.5
119,수원,18/09/19,26.1,14.8,,60.6,11.8
119,수원,19/09/19,25.7,11.7,,66.1,11.0
119,수원,20/09/19,23.9,15.1,,68.6,0.3
119,수원,21/09/19,21.6,16.8,0.0,75.1,0.0
119,수원,22/09/19,19.6,15.5,9.8,86.5,0.0
119,수원,23/09/19,24.0,14.2,,69.1,8.0
119,수원,24/09/19,25.0,13.1,,75.6,11.5
119,수원,25/09/19,26.0,13.8,,83.0,7.9
119,수원,26/09/19,26.5,16.9,,73.6,6.7
119,수원,27/09/19,27.1,19.0,,68.0,3.6
119,수원,28/09/19,28.2,18.3,,79.4,9.3
119,수원,29/09/19,27.9,15.7,,81.1,10.9
119,수원,30/09/19,28.6,15.1,,81.6,9.2
119,수원,01/10/19,27.4,15.7,,85.9,4.6
119,수원,02/10/19,23.8,20.4,25.1,94.6,0.0
119,수원,03/10/19,27.8,19.9,13.2,85.3,5.5
119,수원,04/10/19,26.9,17.8,,87.8,9.8
119,수원,05/10/19,22.0,15.7,0.1,82.4,4.9
119,수원,06/10/19,22.0,14.0,,68.5,8.6
119,수원,07/10/19,17.9,13.4,25.6,96.6,0.0
119,수원,08/10/19,20.6,10.7,0.0,70.8,10.3
119,수원,09/10/19,19.6,6.4,,71.9,10.7
119,수원,10/10/19,20.2,9.5,,79.9,1.4
119,수원,11/10/19,24.8,12.1,,74.8,10.5
119,수원,12/10/19,23.3,14.1,,64.3,10.5
119,수원,13/10/19,22.9,12.5,,71.3,10.4
119,수원,14/10/19,19.4,8.5,,73.0,8.7
119,수원,15/10/19,19.6,7.3,,76.3,8.9
119,수원,16/10/19,20.0,7.9,,79.6,8.3
119,수원,17/10/19,20.6,9.1,,79.9,6.3
119,수원,18/10/19,21.9,10.0,,75.4,5.1
119,수원,19/10/19,22.2,10.4,,85.3,9.5
119,수원,20/10/19,21.7,10.8,,88.5,6.2
119,수원,21/10/19,23.9,9.5,,81.5,10.1
119,수원,22/10/19,23.0,11.1,,78.1,9.9
119,수원,23/10/19,20.0,12.4,,73.1,0.0
119,수원,24/10/19,23.3,14.1,,62.6,5.3
119,수원,25/10/19,21.7,10.7,0.0,71.8,6.7
119,수원,26/10/19,13.9,6.4,,75.5,10.0
119,수원,27/10/19,16.8,3.0,,76.8,10.1
119,수원,28/10/19,17.4,6.3,2.7,79.6,7.3
119,수원,29/10/19,18.1,8.2,6.4,75.4,8.0
119,수원,30/10/19,17.1,3.3,,78.9,10.0
119,수원,31/10/19,20.4,7.3,,86.1,7.9
119,수원,01/11/19,20.0,8.3,,75.8,9.0
119,수원,02/11/19,18.8,6.1,,82.3,3.4
119,수원,03/11/19,20.7,7.8,,76.8,7.9
119,수원,04/11/19,19.2,8.3,,76.1,9.9
119,수원,05/11/19,16.9,6.0,,85.4,7.6
119,수원,06/11/19,16.5,3.8,,81.3,8.4
119,수원,07/11/19,14.1,3.9,,62.0,9.5
119,수원,08/11/19,13.1,-0.7,,55.3,9.9
119,수원,09/11/19,16.9,0.3,,68.1,9.8
119,수원,10/11/19,15.4,3.5,16.1,75.4,2.5
119,수원,11/11/19,15.9,7.7,5.8,85.4,6.3
119,수원,12/11/19,15.0,3.0,,82.1,5.9
119,수원,13/11/19,12.2,4.1,5.7,86.6,0.0
119,수원,14/11/19,4.9,-1.1,,48.3,9.5
119,수원,15/11/19,10.9,0.5,10.1,88.9,2.0
119,수원,16/11/19,14.7,3.7,,90.8,5.2
119,수원,17/11/19,12.4,4.0,41.6,94.0,0.0
119,수원,18/11/19,13.9,1.1,10.6,72.3,6.3
119,수원,19/11/19,5.4,-2.0,0.0,63.4,9.0
119,수원,20/11/19,6.5,-3.9,,59.4,9.5
119,수원,21/11/19,9.9,-3.2,,56.0,4.8
119,수원,22/11/19,16.7,2.4,,54.4,8.8
119,수원,23/11/19,17.9,7.0,0.0,72.5,7.7
119,수원,24/11/19,17.9,5.6,3.3,88.5,3.1
119,수원,25/11/19,5.6,-1.1,,75.5,3.5
119,수원,26/11/19,13.2,-0.9,,81.4,8.2
119,수원,27/11/19,7.0,0.2,,63.3,7.9
119,수원,28/11/19,10.6,-1.8,,69.6,9.1
119,수원,29/11/19,8.0,-3.5,,57.8,9.2
119,수원,30/11/19,10.4,-3.2,,62.6,5.9
119,수원,01/12/19,6.8,3.3,4.1,86.9,0.0
119,수원,02/12/19,4.4,-1.8,,64.3,8.3
119,수원,03/12/19,2.7,-4.5,1.2,93.8,2.3
119,수원,04/12/19,8.2,-1.7,2.6,77.0,7.7
119,수원,05/12/19,1.3,-7.9,,53.6,9.2
119,수원,06/12/19,-0.4,-10.8,,59.4,9.2
119,수원,07/12/19,2.9,-6.3,0.0,76.3,3.0
119,수원,08/12/19,5.2,-6.8,,83.8,9.1
119,수원,09/12/19,8.4,-2.8,,73.9,2.6
119,수원,10/12/19,11.6,2.4,1.6,92.6,2.6
119,수원,11/12/19,9.5,0.9,0.7,77.4,5.5
119,수원,12/12/19,4.0,-3.2,,60.8,8.0
119,수원,13/12/19,6.2,-4.7,0.9,69.8,6.1
119,수원,14/12/19,6.4,0.1,2.0,74.0,8.7
119,수원,15/12/19,11.8,-2.0,,73.1,7.7
119,수원,16/12/19,14.3,-0.2,0.0,76.5,8.0
119,수원,17/12/19,10.5,4.0,6.2,91.3,0.0
119,수원,18/12/19,4.9,-1.3,,77.9,8.4
119,수원,19/12/19,4.0,-3.3,,60.0,8.2
119,수원,20/12/19,3.1,-4.3,0.0,67.3,8.5
119,수원,21/12/19,3.3,-5.9,0.3,84.5,1.6
119,수원,22/12/19,8.5,-0.4,0.0,77.9,4.6
119,수원,23/12/19,5.2,-0.5,3.7,91.1,1.6
119,수원,24/12/19,6.8,-3.8,,86.6,8.1
119,수원,25/12/19,7.3,-4.4,,79.6,3.6
119,수원,26/12/19,3.7,-1.5,1.8,84.5,0.5
119,수원,27/12/19,2.9,-4.9,,64.6,8.9
119,수원,28/12/19,6.1,-4.3,,69.0,6.7
119,수원,29/12/19,6.2,-1.3,0.6,76.1,0.0
119,수원,30/12/19,7.0,-4.2,0.5,83.9,0.0
119,수원,31/12/19,-3.7,-9.7,0.0,60.1,9.2
119,수원,01/01/20,0.3,-6.3,0.0,79.3,0.0
119,수원,02/01/20,3.2,-0.3,,83.3,0.0
119,수원,03/01/20,5.2,-3.9,,80.5,8.9
119,수원,04/01/20,7.6,-4.9,,76.1,7.4
119,수원,05/01/20,6.3,-5.9,,72.4,6.6
119,수원,06/01/20,4.9,-1.8,3.9,80.8,0.0
119,수원,07/01/20,12.2,4.9,50.8,100.0,0.0
119,수원,08/01/20,11.7,0.1,4.4,94.9,0.0
119,수원,09/01/20,3.1,-3.1,,81.8,8.3
119,수원,10/01/20,4.5,-4.6,,85.4,8.1
119,수원,11/01/20,4.5,-3.8,,84.6,7.9
119,수원,12/01/20,2.4,-3.9,,77.8,8.3
119,수원,13/01/20,0.6,-4.6,,73.0,8.2
119,수원,14/01/20,3.2,-6.1,,71.6,8.6
119,수원,15/01/20,2.3,-7.0,,72.0,9.3
119,수원,16/01/20,4.1,-6.9,,73.0,7.6
119,수원,17/01/20,4.8,-5.6,,74.1,7.2
119,수원,18/01/20,5.6,-5.3,,72.8,8.8
119,수원,19/01/20,5.9,-2.1,0.4,81.0,4.4
119,수원,20/01/20,5.7,-2.8,0.0,68.5,7.4
119,수원,21/01/20,5.4,-5.9,,61.4,9.3
119,수원,22/01/20,5.1,-1.3,0.0,72.4,0.2
119,수원,23/01/20,10.7,-1.4,,71.6,8.4
119,수원,24/01/20,9.2,-2.2,,85.0,8.5
119,수원,25/01/20,9.1,-2.2,,90.8,2.9
119,수원,26/01/20,11.9,-2.7,,74.3,7.4
119,수원,27/01/20,8.1,3.5,1.4,71.5,0.0
119,수원,28/01/20,11.0,3.9,0.1,70.4,0.9
119,수원,29/01/20,11.4,1.0,,68.0,6.9
119,수원,30/01/20,10.5,0.7,,71.6,6.5
119,수원,31/01/20,7.5,-0.5,,89.5,3.8
119,수원,01/02/20,7.7,-2.2,,91.3,4.4
119,수원,02/02/20,5.8,-3.5,0.0,79.8,6.8
119,수원,03/02/20,3.0,-2.9,0.1,70.8,9.6
119,수원,04/02/20,5.1,-7.0,1.1,82.0,7.6
119,수원,05/02/20,-2.4,-9.9,,58.9,10.2
119,수원,06/02/20,0.2,-11.9,,63.6,9.6
119,수원,07/02/20,2.8,-7.9,0.0,72.8,6.4
119,수원,08/02/20,4.6,-2.2,,67.6,9.8
119,수원,09/02/20,3.9,-7.0,,76.1,9.8
119,수원,10/02/20,10.5,-1.9,,72.5,9.5
119,수원,11/02/20,14.5,-2.9,,64.0,9.7
119,수원,12/02/20,8.4,5.3,10.5,90.4,0.0
119,수원,13/02/20,7.6,3.6,,98.9,0.0
119,수원,14/02/20,13.3,2.0,,93.8,8.2
119,수원,15/02/20,15.3,3.0,1.7,85.1,5.0
119,수원,16/02/20,5.0,-3.7,8.0,97.8,0.6
119,수원,17/02/20,-3.1,-6.6,0.4,84.3,7.2
119,수원,18/02/20,1.5,-7.9,,68.9,10.4
119,수원,19/02/20,6.3,-4.7,,80.0,1.7
119,수원,20/02/20,11.6,-0.5,,85.6,9.5
119,수원,21/02/20,11.9,0.4,5.1,88.5,1.4
119,수원,22/02/20,8.0,0.4,4.5,82.8,7.8
119,수원,23/02/20,7.8,-3.5,,76.5,10.4
119,수원,24/02/20,13.7,-0.7,,70.6,9.3
119,수원,25/02/20,8.3,5.6,22.6,92.8,0.0
119,수원,26/02/20,11.4,1.1,,87.5,10.0
119,수원,27/02/20,11.6,0.2,,80.4,9.9
119,수원,28/02/20,5.7,2.9,5.2,95.0,0.0
119,수원,29/02/20,13.0,3.3,,91.8,6.3
119,수원,01/03/20,10.2,0.4,0.0,95.1,1.7
119,수원,02/03/20,6.8,0.6,0.0,76.5,10.3
119,수원,03/03/20,10.8,-0.9,,83.3,4.8
119,수원,04/03/20,5.3,-0.9,0.2,76.8,7.8
119,수원,05/03/20,5.6,-2.3,,71.4,10.9
119,수원,06/03/20,10.4,-3.8,,69.6,10.6
119,수원,07/03/20,12.9,-0.8,,73.1,3.5
119,수원,08/03/20,17.1,-1.1,,73.6,10.6
119,수원,09/03/20,16.6,1.2,0.2,72.4,5.0
119,수원,10/03/20,8.9,3.9,7.3,92.1,0.0
119,수원,11/03/20,7.3,0.4,,67.5,11.3
119,수원,12/03/20,14.1,-1.0,,68.6,10.8
119,수원,13/03/20,9.7,0.3,0.1,61.6,7.9
119,수원,14/03/20,8.9,-2.9,,73.0,11.0
119,수원,15/03/20,9.4,1.0,,68.3,8.8
119,수원,16/03/20,9.5,-2.4,,69.6,11.4
119,수원,17/03/20,12.8,1.5,,83.9,4.7
119,수원,18/03/20,17.8,-0.9,,63.5,11.1
119,수원,19/03/20,13.5,6.6,,71.5,8.2
119,수원,20/03/20,14.7,2.6,,60.6,11.0
119,수원,21/03/20,20.4,4.4,,75.5,5.7
119,수원,22/03/20,17.2,5.1,,61.9,11.6
119,수원,23/03/20,16.7,3.2,,68.6,11.4
119,수원,24/03/20,17.6,2.2,,67.8,11.3
119,수원,25/03/20,19.9,2.6,,64.0,9.5
119,수원,26/03/20,20.9,6.3,4.1,79.9,1.8
119,수원,27/03/20,13.9,6.8,7.6,77.5,5.9
119,수원,28/03/20,12.8,4.4,,40.0,8.4
119,수원,29/03/20,15.8,-1.0,,62.6,11.0
119,수원,30/03/20,15.8,1.5,,68.8,11.8
119,수원,31/03/20,18.0,1.0,,69.0,9.8
119,수원,01/04/20,17.6,6.6,,58.4,8.4
119,수원,02/04/20,15.4,1.9,,68.8,10.2
119,수원,03/04/20,15.6,3.8,,74.4,10.3
119,수원,04/04/20,13.7,4.6,,54.9,10.7
119,수원,05/04/20,11.8,2.0,,52.0,12.1
119,수원,06/04/20,15.7,1.1,,71.4,11.2
119,수원,07/04/20,17.4,3.8,,78.4,10.1
119,수원,08/04/20,13.9,3.7,,54.9,12.2
119,수원,09/04/20,14.0,2.0,,67.8,11.7
119,수원,10/04/20,16.0,2.9,,75.0,10.2
119,수원,11/04/20,14.8,4.1,,81.9,10.4
119,수원,12/04/20,15.5,2.4,,70.1,10.2
119,수원,13/04/20,19.5,5.1,,59.1,11.5
119,수원,14/04/20,18.8,4.9,,61.5,12.1
119,수원,15/04/20,19.6,3.3,,61.0,10.6
119,수원,16/04/20,23.5,5.1,,63.5,10.9
119,수원,17/04/20,17.0,9.8,4.1,90.8,1.5
119,수원,18/04/20,18.1,9.1,,82.6,12.1
119,수원,19/04/20,15.5,8.6,11.5,90.1,0.7
119,수원,20/04/20,14.6,7.1,0.2,89.0,2.9
119,수원,21/04/20,10.6,5.0,,63.6,11.4
119,수원,22/04/20,9.1,5.0,0.0,59.1,8.5
119,수원,23/04/20,12.8,3.1,,64.3,11.9
119,수원,24/04/20,15.4,2.7,,68.9,12.1
119,수원,25/04/20,18.4,8.7,,70.4,11.0
119,수원,26/04/20,18.4,5.2,,66.0,12.4
119,수원,27/04/20,18.1,6.7,,69.9,12.0
119,수원,28/04/20,21.0,6.0,,68.9,12.4
119,수원,29/04/20,21.8,8.8,,65.0,12.3
119,수원,30/04/20,23.8,6.6,,78.3,11.5
119,수원,01/05/20,27.0,15.9,,88.3,8.0
119,수원,02/05/20,25.3,18.3,0.1,91.1,2.3
119,수원,03/05/20,26.0,16.2,0.6,85.8,7.1
119,수원,04/05/20,23.7,12.1,,81.5,11.0
119,수원,05/05/20,20.3,11.0,2.5,90.5,2.2
119,수원,06/05/20,26.8,8.8,,69.8,12.6
119,수원,07/05/20,25.9,14.0,,41.8,9.8
119,수원,08/05/20,25.0,14.3,3.1,47.4,8.4
119,수원,09/05/20,17.3,12.9,23.2,99.9,0.0
119,수원,10/05/20,17.1,12.8,0.5,97.9,0.7
119,수원,11/05/20,22.4,12.1,1.2,76.5,7.4
119,수원,12/05/20,18.7,9.5,1.0,84.1,9.6
119,수원,13/05/20,22.0,8.6,,59.8,12.8
119,수원,14/05/20,26.3,11.7,,45.8,8.0
119,수원,15/05/20,21.3,14.5,12.6,92.8,0.0
119,수원,16/05/20,19.1,14.9,1.2,96.9,0.0
119,수원,17/05/20,25.7,14.3,0.1,87.9,5.6
119,수원,18/05/20,27.7,12.9,36.7,89.0,5.4
119,수원,19/05/20,18.3,10.9,3.9,82.9,3.4
119,수원,20/05/20,19.9,9.7,,72.3,5.5
119,수원,21/05/20,22.1,10.3,,67.4,8.5
119,수원,22/05/20,23.0,13.1,0.0,81.6,2.2
119,수원,23/05/20,25.4,15.8,,77.5,10.5
119,수원,24/05/20,19.6,13.5,9.9,93.1,4.9
119,수원,25/05/20,20.0,12.6,0.0,92.8,1.8
119,수원,26/05/20,23.6,12.6,0.1,85.1,5.4
119,수원,27/05/20,24.1,12.0,,77.0,13.1
119,수원,28/05/20,23.8,12.5,,73.9,10.6
119,수원,29/05/20,27.4,13.1,,74.1,11.6
119,수원,30/05/20,29.7,15.1,,64.8,13.0
119,수원,31/05/20,27.6,15.8,1.2,71.8,7.0
119,수원,01/06/20,24.0,14.0,0.2,74.3,11.8
119,수원,02/06/20,23.3,13.0,1.1,76.0,1.5
119,수원,03/06/20,28.0,18.0,0.1,82.1,8.4
119,수원,04/06/20,27.4,19.0,0.4,86.5,5.6
119,수원,05/06/20,27.9,18.3,0.0,82.1,7.5
119,수원,06/06/20,30.7,16.7,,72.0,9.7
119,수원,07/06/20,28.4,17.7,,81.6,8.2
119,수원,08/06/20,31.5,17.9,,71.3,11.3
119,수원,09/06/20,32.7,18.0,,59.0,12.8
119,수원,10/06/20,32.5,19.6,10.8,69.1,8.7
119,수원,11/06/20,31.0,21.6,0.0,78.3,11.6
119,수원,12/06/20,27.6,19.5,0.0,83.0,0.5
119,수원,13/06/20,32.4,20.3,0.1,74.0,10.7
119,수원,14/06/20,28.0,18.7,1.1,80.5,7.7
119,수원,15/06/20,27.9,17.2,,69.5,11.1
119,수원,16/06/20,29.5,19.6,,70.6,8.8
119,수원,17/06/20,29.1,18.0,,74.0,7.7
119,수원,18/06/20,26.3,19.4,0.0,75.9,0.9
119,수원,19/06/20,29.1,19.9,0.4,72.3,7.0
119,수원,20/06/20,29.3,18.7,,75.5,12.8
119,수원,21/06/20,31.9,18.5,,73.8,12.7
119,수원,22/06/20,34.0,19.2,,66.0,12.6
119,수원,23/06/20,30.2,20.8,0.0,65.0,5.2
119,수원,24/06/20,26.4,20.4,14.1,85.1,0.0
119,수원,25/06/20,23.6,19.8,4.4,94.3,0.0
119,수원,26/06/20,25.8,18.7,2.1,85.8,7.5
119,수원,27/06/20,29.3,20.0,0.0,77.3,7.9
119,수원,28/06/20,28.7,20.0,,82.0,11.4
119,수원,29/06/20,26.8,17.3,29.5,84.3,2.2
119,수원,30/06/20,23.0,17.9,26.8,89.1,0.0
119,수원,01/07/20,24.6,17.5,0.5,86.6,0.5
119,수원,02/07/20,29.5,19.0,0.6,80.0,7.7
119,수원,03/07/20,29.0,19.6,0.5,73.5,8.3
119,수원,04/07/20,28.2,18.5,1.0,79.3,8.8
119,수원,05/07/20,28.1,18.1,,78.9,9.0
119,수원,06/07/20,30.5,20.1,,76.5,7.5
119,수원,07/07/20,27.9,20.7,,83.4,4.4
119,수원,08/07/20,29.6,19.9,,84.9,9.3
119,수원,09/07/20,33.0,20.0,,71.0,10.1
119,수원,10/07/20,29.1,23.1,0.8,73.4,6.0
119,수원,11/07/20,30.6,21.0,,67.1,7.1
119,수원,12/07/20,25.6,20.8,4.8,79.9,0.0
119,수원,13/07/20,20.8,18.3,47.2,96.6,0.0
119,수원,14/07/20,23.9,17.6,16.2,80.5,0.0
119,수원,15/07/20,27.9,18.7,0.2,76.0,9.8
119,수원,16/07/20,29.0,18.0,,78.6,11.8
119,수원,17/07/20,29.8,20.4,,83.8,9.4
119,수원,18/07/20,30.0,20.5,,78.0,8.1
119,수원,19/07/20,28.1,20.5,35.6,83.3,0.1
119,수원,20/07/20,27.8,22.5,1.8,90.8,0.0
119,수원,21/07/20,29.9,21.5,,82.0,7.7
119,수원,22/07/20,23.7,21.7,92.9,96.5,0.0
119,수원,23/07/20,23.1,19.7,90.1,96.9,0.0
119,수원,24/07/20,27.2,20.3,1.4,74.0,0.9
119,수원,25/07/20,29.4,22.4,,70.1,4.7
119,수원,26/07/20,29.2,22.5,0.0,77.8,4.8
119,수원,27/07/20,27.1,22.6,1.9,91.0,0.3
119,수원,28/07/20,25.7,22.8,1.9,91.3,0.3
119,수원,29/07/20,27.8,23.2,87.0,97.9,0.2
119,수원,30/07/20,28.3,22.6,0.2,94.0,2.9
119,수원,31/07/20,30.0,22.5,0.1,92.3,2.6
119,수원,01/08/20,29.2,24.0,28.7,91.4,0.3
119,수원,02/08/20,28.1,23.3,86.7,97.6,0.0
119,수원,03/08/20,26.8,23.0,96.9,97.0,0.0
119,수원,04/08/20,30.4,23.8,0.2,89.8,0.5
119,수원,05/08/20,29.1,25.2,20.5,92.6,0.7
119,수원,06/08/20,26.2,22.8,131.5,95.5,1.7
119,수원,07/08/20,25.9,22.4,0.2,90.8,0.0
119,수원,08/08/20,25.0,22.7,12.3,96.0,0.0
119,수원,09/08/20,27.7,24.1,134.2,96.0,0.0
119,수원,10/08/20,30.5,24.9,22.3,93.0,2.0
119,수원,11/08/20,28.3,23.5,16.2,95.0,0.6
119,수원,12/08/20,30.9,23.4,0.0,91.1,1.0
119,수원,13/08/20,32.1,25.9,0.0,87.1,1.6
119,수원,14/08/20,29.9,26.3,0.0,88.9,1.3
119,수원,15/08/20,29.3,25.1,46.6,95.6,1.2
119,수원,16/08/20,31.6,24.7,,86.6,5.8
119,수원,17/08/20,32.8,25.1,,83.4,8.4
119,수원,18/08/20,32.2,23.1,,84.4,8.4
119,수원,19/08/20,32.1,22.8,,84.6,10.7
119,수원,20/08/20,33.0,23.3,,81.5,9.8
119,수원,21/08/20,31.4,23.8,0.0,83.8,6.6
119,수원,22/08/20,29.4,22.0,30.2,91.6,0.8
119,수원,23/08/20,30.4,21.7,,83.1,9.1
119,수원,24/08/20,32.0,22.5,,78.3,11.5
119,수원,25/08/20,34.9,24.6,0.0,75.1,10.5
119,수원,26/08/20,34.2,26.8,1.0,70.6,7.9
119,수원,27/08/20,30.0,25.9,10.9,84.3,1.4
119,수원,28/08/20,30.9,25.5,2.3,90.9,4.3
119,수원,29/08/20,28.9,24.9,18.3,95.9,2.5
119,수원,30/08/20,30.9,24.8,0.1,91.4,4.7
119,수원,31/08/20,30.8,24.5,0.2,77.6,2.9
119,수원,01/09/20,29.7,23.5,0.4,79.1,1.2
119,수원,02/09/20,26.0,22.8,17.9,96.9,0.0
119,수원,03/09/20,26.3,19.7,31.5,84.6,6.2
119,수원,04/09/20,27.4,19.1,,75.0,11.9
119,수원,05/09/20,27.5,19.3,0.0,72.3,3.7
119,수원,06/09/20,25.0,18.9,9.4,82.9,0.0
119,수원,07/09/20,22.4,16.7,59.9,95.4,0.0
119,수원,08/09/20,26.9,21.0,,78.1,10.1
119,수원,09/09/20,25.3,17.6,10.8,92.3,2.0
119,수원,10/09/20,27.6,18.1,0.0,86.1,6.8
119,수원,11/09/20,26.3,18.5,6.3,81.4,3.7
119,수원,12/09/20,22.1,17.8,8.3,90.1,0.0
119,수원,13/09/20,26.6,16.8,,74.4,10.5
119,수원,14/09/20,26.0,16.1,,86.5,10.3
119,수원,15/09/20,27.4,18.7,,83.5,7.2
119,수원,16/09/20,25.4,19.7,0.0,89.9,1.0
119,수원,17/09/20,24.0,18.8,,82.0,0.4
119,수원,18/09/20,26.0,17.7,,75.4,10.9
119,수원,19/09/20,26.3,15.7,10.2,75.8,8.4
119,수원,20/09/20,24.9,13.5,,71.9,11.7
119,수원,21/09/20,24.6,12.6,,74.0,10.2
119,수원,22/09/20,25.1,15.0,,63.0,9.5
119,수원,23/09/20,23.5,15.7,,62.9,6.0
119,수원,24/09/20,25.7,17.6,,61.4,8.7
119,수원,25/09/20,25.5,14.9,,66.4,7.8
119,수원,26/09/20,24.9,15.7,,63.1,9.8
119,수원,27/09/20,26.0,15.4,,70.0,10.8
119,수원,28/09/20,26.0,14.1,,76.5,11.2
119,수원,29/09/20,24.4,13.9,,76.5,6.8
119,수원,30/09/20,24.9,14.6,8.7,87.8,5.8
119,수원,01/10/20,24.3,15.1,,82.1,5.7
119,수원,02/10/20,23.8,14.5,0.0,84.3,5.7
119,수원,03/10/20,23.8,16.9,21.9,81.0,3.4
119,수원,04/10/20,22.0,11.5,0.0,71.0,4.9
119,수원,05/10/20,18.3,7.4,,61.3,9.4
119,수원,06/10/20,19.8,7.5,,65.6,10.6
119,수원,07/10/20,21.7,8.6,,60.8,8.2
119,수원,08/10/20,23.4,10.8,,57.6,10.8
119,수원,09/10/20,23.5,10.2,,58.9,10.5
119,수원,10/10/20,21.5,10.3,,66.9,8.2
119,수원,11/10/20,20.6,12.9,,77.5,4.7
119,수원,12/10/20,21.2,11.5,,80.3,8.2
119,수원,13/10/20,18.2,6.0,,64.5,7.8
119,수원,14/10/20,19.5,8.2,,56.1,6.9
119,수원,15/10/20,18.4,6.0,,54.5,6.9
119,수원,16/10/20,16.1,6.5,,73.1,0.0
119,수원,17/10/20,18.6,7.9,0.3,75.0,10.3
119,수원,18/10/20,19.5,5.7,,78.9,9.9
119,수원,19/10/20,21.0,7.1,,82.6,9.5
119,수원,20/10/20,21.6,7.3,,77.6,9.7
119,수원,21/10/20,17.3,9.9,,78.8,0.0
119,수원,22/10/20,18.8,8.1,,71.0,6.2
119,수원,23/10/20,12.9,5.1,,55.6,10.3
119,수원,24/10/20,14.1,3.1,,55.9,10.3
119,수원,25/10/20,18.0,3.7,,73.8,9.0
119,수원,26/10/20,18.9,5.0,,79.6,9.0
119,수원,27/10/20,19.5,6.6,,83.0,8.5
119,수원,28/10/20,19.0,9.3,,61.1,9.5
119,수원,29/10/20,16.4,2.2,,56.9,9.3
119,수원,30/10/20,19.0,3.1,,60.4,9.8
119,수원,31/10/20,18.6,5.7,,66.9,7.8
119,수원,01/11/20,13.8,11.7,3.4,91.5,0.0
119,수원,02/11/20,16.2,5.8,0.3,69.4,9.6
119,수원,03/11/20,9.0,2.5,1.4,52.1,9.8
119,수원,04/11/20,10.7,-0.4,,48.9,10.0
119,수원,05/11/20,15.5,0.7,,69.0,7.6
119,수원,06/11/20,16.8,8.6,,62.5,0.3
119,수원,07/11/20,17.5,9.0,,74.6,7.0
119,수원,08/11/20,12.4,3.7,,50.0,9.7
119,수원,09/11/20,9.8,0.9,0.0,44.6,6.8
119,수원,10/11/20,13.3,-0.1,,66.5,9.8
119,수원,11/11/20,16.4,0.8,,73.4,9.5
119,수원,12/11/20,17.8,1.8,,68.9,9.5
119,수원,13/11/20,17.0,4.8,,80.1,5.2
119,수원,14/11/20,18.8,3.6,,77.8,7.7
119,수원,15/11/20,16.7,4.5,,85.8,8.8
119,수원,16/11/20,17.9,5.4,,77.9,7.8
119,수원,17/11/20,19.9,10.5,0.4,70.0,2.3
119,수원,18/11/20,19.7,14.5,5.1,91.3,0.0
119,수원,19/11/20,20.7,7.8,43.3,90.4,0.0
119,수원,20/11/20,7.8,-0.5,0.0,79.1,0.0
119,수원,21/11/20,12.7,-1.2,0.0,72.3,7.5
119,수원,22/11/20,9.2,1.7,2.9,82.4,0.2
119,수원,23/11/20,5.8,-0.8,,64.5,9.3
119,수원,24/11/20,8.4,-1.3,,58.9,5.1
119,수원,25/11/20,10.4,-1.4,,70.9,9.0
119,수원,26/11/20,11.0,0.8,,72.6,6.1
119,수원,27/11/20,7.5,0.5,,65.6,6.4
119,수원,28/11/20,3.7,-1.8,,56.1,8.3
119,수원,29/11/20,2.8,-3.2,0.0,73.6,1.2
119,수원,30/11/20,4.7,-5.0,,67.4,9.2
119,수원,01/12/20,6.5,-4.2,,48.9,8.3
119,수원,02/12/20,8.0,0.4,,44.1,5.1
119,수원,03/12/20,5.0,-2.0,,50.5,9.0
119,수원,04/12/20,5.2,-4.9,,60.9,9.2
119,수원,05/12/20,7.0,-3.0,,73.9,5.0
119,수원,06/12/20,9.0,-0.2,,78.6,4.6
119,수원,07/12/20,7.5,-0.7,,63.8,5.7
119,수원,08/12/20,4.5,-4.0,,58.4,8.9
119,수원,09/12/20,5.8,-6.4,,63.6,6.0
119,수원,10/12/20,9.5,2.4,0.0,70.9,1.5
119,수원,11/12/20,9.8,0.2,,82.1,5.5
119,수원,12/12/20,6.8,-1.4,,56.4,8.5
119,수원,13/12/20,2.2,-5.3,2.4,76.6,0.9
119,수원,14/12/20,-4.3,-8.7,,50.3,9.0
119,수원,15/12/20,-3.6,-9.7,,44.6,9.0
119,수원,16/12/20,-3.1,-9.9,,43.6,9.0
119,수원,17/12/20,0.7,-11.5,0.0,56.0,9.0
119,수원,18/12/20,2.4,-6.0,1.1,65.8,6.7
119,수원,19/12/20,-1.0,-9.0,,47.4,9.0
119,수원,20/12/20,1.6,-9.8,,59.0,9.0
119,수원,21/12/20,4.1,-7.3,,73.1,6.9
119,수원,22/12/20,6.5,-3.5,0.7,75.9,6.8
119,수원,23/12/20,9.2,-3.0,,84.1,2.7
119,수원,24/12/20,6.5,-1.5,0.2,70.9,8.5
119,수원,25/12/20,3.8,-5.5,,63.8,9.0
119,수원,26/12/20,8.5,-2.9,0.0,74.0,7.7
119,수원,27/12/20,9.1,-0.1,0.0,73.1,5.4
119,수원,28/12/20,11.4,1.4,0.0,81.3,7.8
119,수원,29/12/20,4.2,-5.4,0.2,82.3,0.0
119,수원,30/12/20,-5.4,-12.5,,56.8,9.0
119,수원,31/12/20,-4.4,-12.6,0.0,65.8,5.5
119,수원,01/01/21,0.0,-10.4,0.0,83.3,4.8
119,수원,02/01/21,-0.8,-8.4,,47.8,8.9
119,수원,03/01/21,-0.4,-10.1,,57.1,5.4
119,수원,04/01/21,0.6,-10.4,0.0,68.0,3.0
119,수원,05/01/21,-0.8,-9.3,0.0,56.9,9.0
119,수원,06/01/21,-1.9,-12.4,5.7,61.8,9.1
119,수원,07/01/21,-8.3,-15.9,,54.3,9.4
119,수원,08/01/21,-10.7,-18.4,,51.5,9.3
119,수원,09/01/21,-7.7,-18.6,,60.1,9.3
119,수원,10/01/21,-2.7,-16.8,0.0,68.0,7.8
119,수원,11/01/21,-3.6,-12.5,,77.5,0.1
119,수원,12/01/21,0.7,-11.0,1.5,88.1,4.5
119,수원,13/01/21,8.7,-4.9,,87.8,7.0
119,수원,14/01/21,7.6,-5.3,,54.0,8.3
119,수원,15/01/21,11.3,-1.6,0.0,74.3,0.9
119,수원,16/01/21,-0.7,-7.3,,67.9,7.8
119,수원,17/01/21,-1.4,-11.1,1.1,65.4,7.3
119,수원,18/01/21,1.6,-8.2,0.3,75.5,3.5
119,수원,19/01/21,-0.5,-12.1,,52.1,9.3
119,수원,20/01/21,7.4,-8.6,,46.6,9.1
119,수원,21/01/21,8.3,-0.2,9.1,73.9,0.4
119,수원,22/01/21,7.5,3.9,0.0,97.3,0.0
119,수원,23/01/21,12.1,1.9,,71.9,5.2
119,수원,24/01/21,13.1,1.3,,67.8,8.6
119,수원,25/01/21,14.2,0.6,,70.6,8.0
119,수원,26/01/21,6.6,1.0,4.1,92.3,0.0
119,수원,27/01/21,6.2,-2.4,,60.5,8.5
119,수원,28/01/21,1.6,-8.6,2.3,61.9,3.7
119,수원,29/01/21,-4.6,-11.0,,49.3,9.8
119,수원,30/01/21,6.6,-8.4,0.0,68.9,6.1
119,수원,31/01/21,10.5,-5.8,,70.5,7.5
119,수원,01/02/21,9.9,-1.3,1.7,89.0,2.3
119,수원,02/02/21,-1.2,-6.9,0.1,52.6,9.8
119,수원,03/02/21,1.7,-10.3,3.8,69.4,8.8
119,수원,04/02/21,0.8,-8.0,1.6,54.8,10.0
119,수원,05/02/21,6.6,-6.4,,71.6,5.5
119,수원,06/02/21,10.2,0.8,,80.8,2.5
119,수원,07/02/21,7.2,-2.2,,78.3,6.1
119,수원,08/02/21,0.6,-4.6,,45.3,10.2
119,수원,09/02/21,4.0,-7.4,,56.8,10.1
119,수원,10/02/21,7.4,-3.4,,78.6,1.0
119,수원,11/02/21,11.3,-1.3,,82.4,7.1
119,수원,12/02/21,14.1,-1.6,,72.4,9.1
119,수원,13/02/21,15.7,-3.2,,73.6,9.4
119,수원,14/02/21,14.0,2.4,0.0,63.8,1.1
119,수원,15/02/21,6.6,-4.1,0.6,71.8,6.8
119,수원,16/02/21,-2.5,-6.7,1.9,67.4,3.5
119,수원,17/02/21,-5.0,-9.8,,53.5,10.3
119,수원,18/02/21,-0.8,-9.9,,53.4,9.6
119,수원,19/02/21,9.3,-8.1,,73.0,10.1
119,수원,20/02/21,14.4,0.0,,64.9,7.7
119,수원,21/02/21,18.5,1.7,,69.8,9.9
119,수원,22/02/21,12.7,0.6,,67.8,7.4
119,수원,23/02/21,4.1,-2.5,,41.8,10.2
119,수원,24/02/21,10.2,-2.1,,45.9,9.1
119,수원,25/02/21,8.6,-2.2,,57.8,0.0
119,수원,26/02/21,15.6,-1.3,,40.1,9.3
119,수원,27/02/21,14.6,3.5,,51.1,10.1
119,수원,28/02/21,10.7,0.9,,54.3,2.1
119,수원,01/03/21,8.1,0.5,70.7,97.5,0.0
119,수원,02/03/21,6.8,-0.6,0.2,81.6,6.1
119,수원,03/03/21,9.5,-2.1,,75.3,9.9
119,수원,04/03/21,12.2,0.4,,70.9,2.3
119,수원,05/03/21,16.0,1.0,,80.3,10.7
119,수원,06/03/21,12.6,4.0,,,3.3
119,수원,07/03/21,10.8,2.2,,72.1,8.1
119,수원,08/03/21,13.3,-1.2,,76.0,8.5
119,수원,09/03/21,11.7,-0.5,,69.6,8.6
119,수원,10/03/21,16.8,-0.3,,73.1,10.1
119,수원,11/03/21,17.3,1.5,,62.3,7.6
119,수원,12/03/21,12.9,6.8,0.2,70.0,0.6
119,수원,13/03/21,14.2,2.7,,72.9,7.7
119,수원,14/03/21,13.4,1.6,,81.6,7.9
119,수원,15/03/21,16.1,2.3,0.2,75.4,5.0
119,수원,16/03/21,12.5,4.5,2.4,61.6,10.8
119,수원,17/03/21,16.8,0.5,,58.8,10.8
119,수원,18/03/21,18.8,1.2,,61.1,9.2
119,수원,19/03/21,19.4,9.0,,54.1,9.2
119,수원,20/03/21,13.5,6.0,3.7,84.0,0.0
119,수원,21/03/21,8.9,3.6,,73.1,6.8
119,수원,22/03/21,11.1,1.0,,63.9,11.5
119,수원,23/03/21,16.5,1.5,,70.9,10.5
119,수원,24/03/21,17.5,4.0,,70.8,8.2
119,수원,25/03/21,18.8,5.4,,79.1,10.9
119,수원,26/03/21,21.2,4.3,,66.4,7.6
119,수원,27/03/21,15.6,6.7,20.1,82.8,0.0
119,수원,28/03/21,13.4,7.5,5.2,98.0,0.0
119,수원,29/03/21,15.4,5.7,0.1,71.3,7.2
119,수원,30/03/21,18.3,1.6,,57.3,11.0
119,수원,31/03/21,22.9,2.2,,54.8,11.3
119,수원,01/04/21,23.8,7.9,,39.1,10.4
119,수원,02/04/21,22.3,12.9,,40.0,2.9
119,수원,03/04/21,18.6,11.8,46.7,85.4,0.0
119,수원,04/04/21,15.8,9.9,0.5,68.3,2.6
119,수원,05/04/21,18.3,5.8,,51.4,12.0
119,수원,06/04/21,18.6,6.1,,61.0,10.8
119,수원,07/04/21,20.3,5.0,,62.3,11.7
119,수원,08/04/21,17.5,4.8,,56.8,12.1
119,수원,09/04/21,19.0,4.0,,50.6,11.8
119,수원,10/04/21,17.7,7.7,,59.3,11.6
119,수원,11/04/21,22.4,4.7,,59.0,11.0
119,수원,12/04/21,17.5,11.7,20.1,76.4,0.0
119,수원,13/04/21,13.4,6.0,7.8,82.4,7.5
119,수원,14/04/21,13.1,3.0,,63.3,12.4
119,수원,15/04/21,17.9,4.3,,67.4,11.4
119,수원,16/04/21,14.8,6.0,0.4,79.8,2.7
119,수원,17/04/21,14.1,3.8,,70.3,6.5
119,수원,18/04/21,14.3,5.5,,70.8,12.2
119,수원,19/04/21,18.6,4.6,,69.5,12.2
119,수원,20/04/21,21.4,5.8,,63.4,10.6
119,수원,21/04/21,28.6,7.5,,50.9,11.1
119,수원,22/04/21,27.6,14.1,0.0,42.5,3.2
119,수원,23/04/21,23.1,16.4,0.0,36.4,1.0
119,수원,24/04/21,23.0,12.1,,49.1,3.8
119,수원,25/04/21,24.1,9.2,,60.3,12.2
119,수원,26/04/21,21.4,11.0,,56.6,11.1
119,수원,27/04/21,20.1,9.5,0.0,68.5,0.9
119,수원,28/04/21,19.2,11.3,1.8,75.9,4.3
119,수원,29/04/21,20.2,10.0,6.3,62.1,6.3
119,수원,30/04/21,14.4,7.9,22.8,91.6,0.5
119,수원,01/05/21,14.2,8.6,9.1,85.1,4.5
119,수원,02/05/21,17.8,7.8,2.2,75.9,10.7
119,수원,03/05/21,20.3,6.3,,70.3,11.4
119,수원,04/05/21,18.1,10.1,18.8,86.3,0.0
119,수원,05/05/21,18.2,9.8,0.1,70.0,10.7
119,수원,06/05/21,23.1,6.2,,54.0,10.5
119,수원,07/05/21,17.3,10.1,8.9,67.8,6.0
119,수원,08/05/21,21.3,8.0,,72.9,8.5
119,수원,09/05/21,21.3,7.7,,62.8,13.0
119,수원,10/05/21,14.1,8.6,18.5,91.0,0.0
119,수원,11/05/21,24.6,9.6,,53.8,10.2
119,수원,12/05/21,27.2,15.6,,44.5,11.9
119,수원,13/05/21,29.0,13.7,,66.9,12.6
119,수원,14/05/21,30.4,15.1,,71.6,10.3
119,수원,15/05/21,23.2,18.5,5.2,92.0,0.0
119,수원,16/05/21,21.2,15.9,32.6,100.0,0.0
119,수원,17/05/21,16.3,13.4,3.8,99.3,0.0
119,수원,18/05/21,23.9,12.7,,83.9,8.5
119,수원,19/05/21,26.2,10.6,,66.3,12.2
119,수원,20/05/21,23.4,14.5,11.6,74.3,0.0
119,수원,21/05/21,16.9,12.9,11.6,97.9,0.1
119,수원,22/05/21,23.6,12.1,,77.5,12.5
119,수원,23/05/21,25.4,11.8,,73.8,5.9
119,수원,24/05/21,24.2,13.7,,76.9,8.4
119,수원,25/05/21,18.6,11.9,5.4,83.5,8.6
119,수원,26/05/21,23.8,11.1,0.0,66.8,6.5
119,수원,27/05/21,17.7,13.0,6.5,90.4,2.0
119,수원,28/05/21,20.3,11.8,21.7,91.6,3.2
119,수원,29/05/21,20.9,12.2,0.0,78.1,6.1
119,수원,30/05/21,27.4,10.5,18.7,77.5,11.4
119,수원,31/05/21,24.9,16.8,4.5,76.4,2.9
119,수원,01/06/21,25.3,17.4,0.6,74.8,5.3
119,수원,02/06/21,30.0,16.0,,68.1,12.3
119,수원,03/06/21,22.7,14.1,17.2,91.6,1.0
119,수원,04/06/21,24.1,12.6,0.0,77.4,11.9
119,수원,05/06/21,25.9,15.7,,76.8,8.6
119,수원,06/06/21,27.5,18.0,,79.9,9.6
119,수원,07/06/21,26.2,16.8,0.0,72.4,3.7
119,수원,08/06/21,28.8,18.7,0.1,75.5,8.3
119,수원,09/06/21,32.3,19.6,,69.4,10.8
119,수원,10/06/21,31.4,19.9,8.3,73.4,4.0
119,수원,11/06/21,25.7,18.8,7.3,89.0,5.3
119,수원,12/06/21,29.0,17.0,,83.1,11.5
119,수원,13/06/21,28.9,17.5,,87.9,9.6
119,수원,14/06/21,29.7,16.9,,82.4,6.9
119,수원,15/06/21,26.2,20.2,0.7,78.4,3.5
119,수원,16/06/21,29.7,19.9,,60.1,11.3
119,수원,17/06/21,24.2,20.0,0.1,77.0,0.2
119,수원,18/06/21,21.4,18.7,6.2,97.4,0.0
119,수원,19/06/21,27.4,17.6,,81.4,11.4
119,수원,20/06/21,29.6,16.6,,78.3,12.3
119,수원,21/06/21,28.4,18.3,,74.1,12.7
119,수원,22/06/21,28.5,18.6,0.0,67.9,7.5
119,수원,23/06/21,26.2,19.7,0.2,76.0,6.1
119,수원,24/06/21,27.9,18.7,,79.0,9.7
119,수원,25/06/21,28.8,17.9,,77.8,11.1
119,수원,26/06/21,27.4,20.3,7.4,80.9,5.6
119,수원,27/06/21,31.1,19.8,0.2,72.6,10.1
119,수원,28/06/21,29.6,21.3,0.9,78.8,4.6
119,수원,29/06/21,28.6,20.7,0.9,84.0,6.0
119,수원,30/06/21,28.9,20.2,0.0,82.6,4.4
119,수원,01/07/21,32.1,20.4,,76.4,10.4
119,수원,02/07/21,31.9,23.2,,65.1,7.8
119,수원,03/07/21,26.8,20.7,33.3,81.0,0.7
119,수원,04/07/21,24.7,20.5,12.6,97.1,0.0
119,수원,05/07/21,27.4,20.2,,84.5,2.9
119,수원,06/07/21,29.5,21.0,0.3,83.1,3.4
119,수원,07/07/21,29.0,23.0,23.0,89.9,2.8
119,수원,08/07/21,30.8,22.4,4.2,89.1,8.2
119,수원,09/07/21,29.6,22.5,,85.5,9.5
119,수원,10/07/21,30.0,22.4,2.1,83.3,7.5
119,수원,11/07/21,29.4,24.0,0.0,88.6,1.8
119,수원,12/07/21,32.9,23.3,0.0,82.6,4.1
119,수원,13/07/21,32.7,25.2,,79.3,4.4
119,수원,14/07/21,33.5,24.9,,77.0,6.8
119,수원,15/07/21,34.5,25.2,0.0,78.6,9.7
119,수원,16/07/21,34.8,23.5,21.8,77.3,11.1
119,수원,17/07/21,32.8,23.1,0.0,73.9,10.8
119,수원,18/07/21,34.3,23.2,20.1,70.5,9.7
119,수원,19/07/21,32.3,23.8,6.3,85.4,5.1
119,수원,20/07/21,32.8,23.4,,78.6,6.6
119,수원,21/07/21,35.7,24.6,,68.0,13.0
119,수원,22/07/21,35.8,25.9,,63.3,12.2
119,수원,23/07/21,35.7,26.5,,66.4,12.8
119,수원,24/07/21,36.3,25.5,,67.0,11.8
119,수원,25/07/21,35.3,26.2,,61.8,11.5
119,수원,26/07/21,35.1,26.8,,62.3,12.7
119,수원,27/07/21,35.7,26.0,,65.6,10.7
119,수원,28/07/21,34.3,26.0,7.5,78.0,8.7
119,수원,29/07/21,33.7,25.1,,80.0,4.7
119,수원,30/07/21,35.4,24.4,,71.3,9.7
119,수원,31/07/21,33.9,26.4,3.2,80.0,11.5
119,수원,01/08/21,29.1,24.6,14.3,91.1,0.0
119,수원,02/08/21,29.1,24.3,1.1,90.6,1.5
119,수원,03/08/21,31.3,23.3,0.0,85.6,6.2
119,수원,04/08/21,33.4,25.3,,79.1,9.0
119,수원,05/08/21,34.4,24.9,,75.0,11.8
119,수원,06/08/21,33.6,25.0,0.0,74.3,9.5
119,수원,07/08/21,32.4,22.4,,77.3,10.4
119,수원,08/08/21,32.2,23.7,0.0,78.9,3.4
119,수원,09/08/21,34.4,22.6,,66.4,8.1
119,수원,10/08/21,32.4,24.8,,68.5,11.2
119,수원,11/08/21,32.0,24.0,1.5,80.3,7.6
119,수원,12/08/21,31.8,23.1,0.0,74.9,5.1
119,수원,13/08/21,30.0,23.7,,75.4,1.3
119,수원,14/08/21,30.6,24.4,,66.1,4.5
119,수원,15/08/21,32.6,22.6,,64.3,9.6
119,수원,16/08/21,31.7,23.1,,62.9,9.8
119,수원,17/08/21,31.2,22.4,1.5,69.0,6.9
119,수원,18/08/21,30.2,20.0,31.1,78.8,5.0
119,수원,19/08/21,31.5,21.0,,62.3,9.0
119,수원,20/08/21,30.4,21.7,6.5,77.3,7.0
119,수원,21/08/21,28.1,22.2,22.7,90.8,1.8
119,수원,22/08/21,27.5,22.1,0.0,86.5,0.7
119,수원,23/08/21,24.3,20.9,13.2,95.1,0.0
119,수원,24/08/21,26.8,21.8,13.7,95.6,0.2
119,수원,25/08/21,25.8,23.0,1.8,95.1,1.4
119,수원,26/08/21,28.3,22.6,0.0,91.6,0.5
119,수원,27/08/21,25.4,19.5,3.5,94.6,0.0
119,수원,28/08/21,27.4,19.2,0.0,88.4,5.0
119,수원,29/08/21,27.2,19.0,8.1,91.5,3.6
119,수원,30/08/21,27.6,20.9,0.0,88.4,0.3
119,수원,31/08/21,24.5,18.7,42.1,97.3,0.0
119,수원,01/09/21,23.5,19.3,70.9,91.0,0.0
119,수원,02/09/21,26.9,21.2,,75.4,1.8
119,수원,03/09/21,29.7,20.1,,64.5,9.8
119,수원,04/09/21,27.8,18.7,,59.6,9.5
119,수원,05/09/21,26.7,18.0,,64.5,4.0
119,수원,06/09/21,26.3,17.7,16.7,76.0,0.8
119,수원,07/09/21,22.7,18.0,17.8,99.8,0.0
119,수원,08/09/21,27.1,19.0,0.4,86.1,8.5
119,수원,09/09/21,29.1,18.3,,83.0,8.6
119,수원,10/09/21,28.9,19.9,,86.1,8.0
119,수원,11/09/21,29.7,19.5,,81.1,9.5
119,수원,12/09/21,29.9,18.6,,78.0,11.5
119,수원,13/09/21,29.8,20.3,,69.5,7.5
119,수원,14/09/21,28.0,19.6,,65.1,9.0
119,수원,15/09/21,29.5,19.1,,58.8,11.5
119,수원,16/09/21,27.5,17.7,,62.4,8.7
119,수원,17/09/21,27.8,21.0,0.0,63.1,6.5
119,수원,18/09/21,29.6,16.7,,73.3,10.2
119,수원,19/09/21,28.5,19.9,,74.3,7.3
119,수원,20/09/21,28.2,19.0,,67.0,9.9
119,수원,21/09/21,26.5,20.4,30.1,88.4,5.2
119,수원,22/09/21,25.5,18.0,15.6,81.5,3.4
119,수원,23/09/21,24.8,15.5,,74.1,8.3
119,수원,24/09/21,27.2,15.5,,69.4,11.3
119,수원,25/09/21,24.2,17.9,0.0,73.0,0.2
119,수원,26/09/21,27.3,19.1,,64.4,7.0
119,수원,27/09/21,25.2,19.0,0.0,66.3,2.5
119,수원,28/09/21,25.3,19.8,1.2,77.9,0.5
119,수원,29/09/21,22.7,17.4,11.4,94.3,0.1
119,수원,30/09/21,27.1,15.8,,84.4,9.0
119,수원,01/10/21,27.8,15.4,6.2,82.5,8.5
119,수원,02/10/21,26.4,16.0,1.9,81.4,9.0
119,수원,03/10/21,28.7,16.8,,75.4,8.7
119,수원,04/10/21,27.2,17.4,0.0,77.1,0.3
119,수원,05/10/21,28.1,22.3,,77.3,7.8
119,수원,06/10/21,23.4,19.3,0.8,86.0,3.3
119,수원,07/10/21,23.0,18.2,3.2,86.9,0.5
119,수원,08/10/21,21.7,18.0,2.5,90.0,0.0
119,수원,09/10/21,27.0,19.5,0.2,77.1,4.9
119,수원,10/10/21,26.3,15.6,9.1,86.5,0.7
119,수원,11/10/21,19.4,13.3,0.1,67.3,3.9
119,수원,12/10/21,19.4,16.0,0.0,67.4,0.0
119,수원,13/10/21,25.0,14.1,,67.9,9.6
119,수원,14/10/21,23.9,15.5,,77.9,8.5
119,수원,15/10/21,21.8,17.2,0.5,76.3,0.6
119,수원,16/10/21,18.1,5.3,0.0,41.3,1.5
119,수원,17/10/21,11.4,1.4,,39.4,10.7
119,수원,18/10/21,16.3,1.8,0.0,59.8,8.6
119,수원,19/10/21,16.3,6.3,11.3,75.3,7.6
119,수원,20/10/21,15.8,3.5,,69.6,10.5
119,수원,21/10/21,16.1,3.7,,70.6,9.2
119,수원,22/10/21,17.0,2.9,,64.8,10.3
119,수원,23/10/21,18.1,3.7,,68.6,10.0
119,수원,24/10/21,18.1,4.1,,73.8,9.9
119,수원,25/10/21,17.9,4.7,,74.4,10.2
119,수원,26/10/21,18.5,5.4,,78.4,9.0
119,수원,27/10/21,18.6,9.3,0.2,68.3,9.2
119,수원,28/10/21,20.0,4.3,,63.3,10.0
119,수원,29/10/21,20.3,9.2,,60.1,9.5
119,수원,30/10/21,19.2,10.4,,64.9,3.8
119,수원,31/10/21,19.7,7.5,,80.3,9.0
119,수원,01/11/21,17.3,8.3,,82.1,7.8
119,수원,02/11/21,16.7,6.4,,80.1,8.4
119,수원,03/11/21,17.0,5.5,0.8,77.9,8.7
119,수원,04/11/21,17.4,7.5,0.0,89.9,5.4
119,수원,05/11/21,20.4,5.3,,72.6,9.3
119,수원,06/11/21,21.8,6.6,,65.9,8.6
119,수원,07/11/21,21.4,6.2,,61.1,7.3
119,수원,08/11/21,16.6,4.4,38.4,85.5,0.6
119,수원,09/11/21,7.2,3.5,22.2,91.3,1.3
119,수원,10/11/21,8.8,0.3,0.1,80.5,4.3
119,수원,11/11/21,9.7,1.9,1.2,64.6,6.6
119,수원,12/11/21,9.2,0.8,,60.6,8.9
119,수원,13/11/21,13.9,0.7,,71.9,7.6
119,수원,14/11/21,16.8,6.6,,73.5,6.5
119,수원,15/11/21,15.5,3.7,,76.6,8.3
119,수원,16/11/21,14.2,3.1,,74.6,8.9
119,수원,17/11/21,12.8,1.2,,68.6,7.9
119,수원,18/11/21,16.9,5.7,0.0,76.1,5.7
119,수원,19/11/21,17.4,9.0,,89.3,3.1
119,수원,20/11/21,15.9,6.7,,83.8,5.1
119,수원,21/11/21,14.5,6.4,4.2,80.9,0.5
119,수원,22/11/21,7.7,0.1,1.2,62.6,6.8
119,수원,23/11/21,2.2,-2.9,0.0,67.0,3.2
119,수원,24/11/21,7.0,-2.5,0.9,81.9,2.7
119,수원,25/11/21,11.0,2.2,0.2,66.9,8.8
119,수원,26/11/21,9.4,-1.5,,61.6,7.7
119,수원,27/11/21,10.0,-2.8,,62.9,9.3
119,수원,28/11/21,12.1,-3.2,,64.3,8.0
119,수원,29/11/21,13.3,-0.1,,70.3,6.4
119,수원,30/11/21,9.5,1.7,35.0,81.3,0.0
119,수원,01/12/21,1.8,-2.5,,49.5,9.2
119,수원,02/12/21,6.1,-4.9,0.2,70.9,7.2
119,수원,03/12/21,4.9,0.0,2.1,57.6,8.7
119,수원,04/12/21,7.2,-3.3,,56.3,6.5
119,수원,05/12/21,9.8,-4.0,,64.8,9.2
119,수원,06/12/21,12.7,-2.5,,67.3,8.0
119,수원,07/12/21,13.0,0.4,,72.8,8.2
119,수원,08/12/21,13.6,0.0,,75.9,9.0
119,수원,09/12/21,11.4,0.2,,73.0,1.2
119,수원,10/12/21,10.1,5.1,0.7,84.1,0.0
119,수원,11/12/21,9.9,2.6,,86.9,2.6
119,수원,12/12/21,5.8,-3.3,,62.0,8.2
119,수원,13/12/21,2.1,-5.6,,44.4,9.0
119,수원,14/12/21,7.5,-1.5,1.6,70.4,3.3
119,수원,15/12/21,10.8,3.2,3.4,93.5,1.6
119,수원,16/12/21,10.3,1.8,,77.4,4.8
119,수원,17/12/21,4.0,-9.0,,50.0,8.7
119,수원,18/12/21,-0.5,-11.1,0.5,66.1,4.7
119,수원,19/12/21,4.0,-7.0,1.7,69.4,8.7
119,수원,20/12/21,11.5,-1.1,0.0,76.5,6.3
119,수원,21/12/21,10.5,0.8,,73.5,5.6
119,수원,22/12/21,8.3,-3.4,,55.8,8.9
119,수원,23/12/21,8.9,-3.8,,64.4,8.1
119,수원,24/12/21,4.5,-6.4,0.0,70.1,0.0
119,수원,25/12/21,-6.4,-13.6,,39.4,9.0
119,수원,26/12/21,-6.4,-14.3,,42.3,9.0
119,수원,27/12/21,-3.4,-13.2,0.0,65.4,4.0
119,수원,28/12/21,1.1,-8.7,,77.9,2.3
119,수원,29/12/21,6.3,-4.7,2.1,76.0,1.9
119,수원,30/12/21,0.0,-6.1,,55.1,6.7
119,수원,31/12/21,-3.0,-7.9,,35.6,9.2
119,수원,01/01/22,1.8,-11.7,,48.0,9.0
119,수원,02/01/22,3.5,-5.6,0.5,64.4,8.0
119,수원,03/01/22,3.1,-9.5,0.0,63.1,8.1
119,수원,04/01/22,1.9,-6.4,0.0,52.0,9.1
119,수원,05/01/22,2.8,-9.5,,52.4,0.5
119,수원,06/01/22,4.1,-7.0,,55.0,9.1
119,수원,07/01/22,4.2,-8.7,,57.8,9.2
119,수원,08/01/22,5.0,-7.5,0.0,71.4,3.5
119,수원,09/01/22,5.1,-4.1,,80.4,4.9
119,수원,10/01/22,4.9,-5.4,0.5,77.4,3.4
119,수원,11/01/22,0.3,-9.6,0.5,56.0,9.3
119,수원,12/01/22,-2.7,-11.4,,51.5,8.7
119,수원,13/01/22,-2.4,-7.9,0.0,44.9,9.3
119,수원,14/01/22,1.1,-9.1,,44.1,9.2
119,수원,15/01/22,3.7,-6.0,0.0,54.5,1.9
119,수원,16/01/22,3.8,-5.8,,56.5,9.3
119,수원,17/01/22,0.0,-9.5,0.2,56.6,5.1
119,수원,18/01/22,0.2,-9.7,,51.0,9.5
119,수원,19/01/22,-1.7,-9.0,0.6,74.8,0.1
119,수원,20/01/22,1.5,-11.4,,64.6,9.4
119,수원,21/01/22,5.1,-10.7,,61.1,9.4
119,수원,22/01/22,6.0,-6.1,,57.9,3.4
119,수원,23/01/22,7.9,-2.4,,59.8,7.5
119,수원,24/01/22,9.6,-4.4,,57.0,7.0
119,수원,25/01/22,5.2,1.6,0.8,84.6,0.4
119,수원,26/01/22,6.0,-2.9,,67.5,8.2
119,수원,27/01/22,3.7,-4.3,,54.1,8.9
119,수원,28/01/22,2.3,-5.3,,51.6,9.2
119,수원,29/01/22,1.2,-8.1,,51.9,9.7
119,수원,30/01/22,2.8,-9.6,,52.0,9.8
119,수원,31/01/22,4.9,-9.1,0.8,58.9,9.1
119,수원,01/02/22,1.4,-2.7,1.3,77.1,5.0
119,수원,02/02/22,0.3,-4.2,,60.8,8.8
119,수원,03/02/22,1.7,-7.3,0.0,53.9,10.0
119,수원,04/02/22,-0.3,-8.2,0.0,53.8,8.6
119,수원,05/02/22,-0.9,-8.9,,50.0,9.6
119,수원,06/02/22,2.0,-9.7,,51.4,9.9
119,수원,07/02/22,2.3,-9.1,,51.1,5.3
119,수원,08/02/22,5.8,-5.8,,57.4,8.4
119,수원,09/02/22,7.1,-7.2,,60.9,9.1
119,수원,10/02/22,6.8,-4.5,,66.6,9.8
119,수원,11/02/22,8.7,-3.8,,70.6,7.2
119,수원,12/02/22,10.4,-2.2,,62.8,9.4
119,수원,13/02/22,10.6,-1.2,,56.8,4.6
119,수원,14/02/22,9.6,-2.9,1.7,68.5,3.9
119,수원,15/02/22,-0.4,-7.1,0.0,59.6,5.5
119,수원,16/02/22,-4.0,-8.9,0.0,50.6,8.9
119,수원,17/02/22,-1.2,-9.7,,45.6,10.3
119,수원,18/02/22,5.4,-10.0,,46.1,9.5
119,수원,19/02/22,4.0,-5.5,,54.0,4.9
119,수원,20/02/22,-0.7,-7.8,,45.6,10.5
119,수원,21/02/22,4.4,-7.9,0.0,58.8,9.0
119,수원,22/02/22,0.4,-7.0,0.0,42.8,10.4
119,수원,23/02/22,-1.3,-9.3,,38.3,10.5
119,수원,24/02/22,3.2,-10.6,,54.5,10.5
119,수원,25/02/22,9.1,-5.1,,75.1,7.9
119,수원,26/02/22,10.0,1.3,1.0,78.6,2.3
119,수원,27/02/22,9.3,-2.8,,60.1,10.4
119,수원,28/02/22,11.5,-0.9,,56.5,7.0
119,수원,01/03/22,8.8,-0.3,2.9,83.0,3.4
119,수원,02/03/22,8.4,-3.3,,64.0,11.0
119,수원,03/03/22,11.8,-1.1,,63.8,9.1
119,수원,04/03/22,15.9,-1.3,,64.6,4.5
119,수원,05/03/22,6.0,-0.2,,36.9,10.6
119,수원,06/03/22,5.6,-1.4,,42.9,10.9
119,수원,07/03/22,8.8,-4.2,,59.3,8.7
119,수원,08/03/22,12.2,-2.1,,66.3,9.0
119,수원,09/03/22,13.7,0.0,,76.6,9.7
119,수원,10/03/22,16.0,0.5,,58.9,8.5
119,수원,11/03/22,18.4,2.2,,65.8,4.7
119,수원,12/03/22,20.5,3.6,,76.4,4.6
119,수원,13/03/22,15.2,8.5,22.1,96.6,0.0
119,수원,14/03/22,14.4,3.9,7.9,94.0,0.0
119,수원,15/03/22,13.6,0.9,,78.9,8.3
119,수원,16/03/22,16.5,1.7,,71.6,8.2
119,수원,17/03/22,14.9,7.7,0.1,65.3,0.1
119,수원,18/03/22,10.8,6.5,0.5,60.6,0.0
119,수원,19/03/22,6.5,1.1,12.2,93.8,0.0
119,수원,20/03/22,8.6,1.4,,75.5,8.0
119,수원,21/03/22,9.9,-1.8,,54.1,6.0
119,수원,22/03/22,12.9,0.1,,55.4,11.0
119,수원,23/03/22,8.3,2.8,,61.8,0.7
119,수원,24/03/22,14.1,2.3,,70.1,2.6
119,수원,25/03/22,18.7,4.4,8.2,69.0,2.3
119,수원,26/03/22,14.3,6.8,20.8,87.0,2.8
119,수원,27/03/22,12.8,3.0,,57.1,11.0
119,수원,28/03/22,14.2,0.3,,41.8,11.8
119,수원,29/03/22,16.3,1.5,,60.4,11.4
119,수원,30/03/22,14.9,4.4,0.0,78.6,1.4
119,수원,31/03/22,15.2,6.9,,74.5,5.2
119,수원,01/04/22,14.5,4.0,,59.1,10.9
119,수원,02/04/22,13.7,1.5,,61.0,11.3
119,수원,03/04/22,16.2,1.3,,63.3,11.6
119,수원,04/04/22,16.0,2.1,,56.1,11.6
119,수원,05/04/22,16.4,1.6,,48.5,9.9
119,수원,06/04/22,16.9,6.9,,53.0,9.1
119,수원,07/04/22,15.0,6.0,,51.5,9.9
119,수원,08/04/22,20.9,3.6,,51.4,12.0
119,수원,09/04/22,24.0,9.7,1.3,47.5,8.6
119,수원,10/04/22,25.1,8.8,,53.8,11.6
119,수원,11/04/22,26.2,11.6,,67.3,11.3
119,수원,12/04/22,24.8,13.7,0.0,82.1,8.3
119,수원,13/04/22,14.1,9.8,9.5,83.1,0.0
119,수원,14/04/22,14.3,8.3,1.2,65.4,0.3
119,수원,15/04/22,17.3,7.3,,57.9,11.7
119,수원,16/04/22,18.3,4.6,,57.4,12.3
119,수원,17/04/22,20.7,4.5,,60.8,11.4
119,수원,18/04/22,20.8,9.0,,50.6,8.0
119,수원,19/04/22,21.4,6.1,,60.3,12.1
119,수원,20/04/22,21.7,6.0,,58.3,12.2
119,수원,21/04/22,22.8,7.0,,54.0,9.2
119,수원,22/04/22,19.0,12.3,,75.1,0.1
119,수원,23/04/22,25.2,8.5,,61.8,9.3
119,수원,24/04/22,24.6,11.6,0.0,75.0,8.1
119,수원,25/04/22,24.7,16.4,4.2,79.0,1.5
119,수원,26/04/22,24.7,15.5,12.0,70.4,7.6
119,수원,27/04/22,22.1,11.3,,38.3,11.8
119,수원,28/04/22,24.7,9.8,,55.6,8.4
119,수원,29/04/22,17.1,10.3,14.2,68.4,1.9
119,수원,30/04/22,18.0,9.4,,68.5,4.8
119,수원,01/05/22,18.6,6.4,,59.9,10.7
119,수원,02/05/22,18.6,8.8,0.0,62.8,10.7
119,수원,03/05/22,20.9,7.6,,52.9,12.7
119,수원,04/05/22,25.3,7.7,,45.8,12.6
119,수원,05/05/22,24.8,8.9,,56.3,12.8
119,수원,06/05/22,24.9,11.4,,71.5,11.6
119,수원,07/05/22,23.0,13.5,0.1,66.9,7.5
119,수원,08/05/22,18.0,11.3,2.4,52.8,0.0
119,수원,09/05/22,24.4,11.1,,62.3,12.8
119,수원,10/05/22,25.3,10.7,0.0,48.6,9.5
119,수원,11/05/22,23.3,13.7,0.0,55.4,9.0
119,수원,12/05/22,26.9,12.4,,60.8,11.7
119,수원,13/05/22,23.5,14.4,,56.3,6.5
119,수원,14/05/22,18.7,9.9,,56.1,10.8
119,수원,15/05/22,20.9,7.7,,45.3,12.9
119,수원,16/05/22,23.4,8.5,,54.0,12.9
119,수원,17/05/22,26.7,12.2,,58.1,12.7
119,수원,18/05/22,26.5,14.4,0.5,53.8,8.3
119,수원,19/05/22,23.1,15.3,,47.5,8.5
119,수원,20/05/22,25.3,13.2,,56.6,9.5
119,수원,21/05/22,24.5,15.7,,77.3,10.7
119,수원,22/05/22,25.1,15.0,,75.0,11.4
119,수원,23/05/22,29.6,16.8,,68.1,11.6
119,수원,24/05/22,28.8,14.3,,65.5,12.0
119,수원,25/05/22,25.4,15.0,10.0,76.4,8.8
119,수원,26/05/22,23.3,13.8,,62.6,11.9
119,수원,27/05/22,23.9,15.6,,64.5,12.8
119,수원,28/05/22,29.0,13.6,,55.4,13.0
119,수원,29/05/22,28.8,16.1,,64.8,8.3
119,수원,30/05/22,23.8,15.2,0.4,80.5,0.1
119,수원,31/05/22,26.6,11.9,,54.8,12.9
119,수원,01/06/22,28.8,14.9,,43.0,13.4
119,수원,02/06/22,25.7,13.7,,74.8,11.8
119,수원,03/06/22,30.9,18.7,,68.1,10.8
119,수원,04/06/22,28.9,18.2,,60.8,7.1
119,수원,05/06/22,25.3,18.7,0.3,61.0,0.0
119,수원,06/06/22,23.8,16.7,3.1,69.8,4.6
119,수원,07/06/22,24.3,15.0,,56.8,7.8
119,수원,08/06/22,25.3,16.5,,67.5,9.6
119,수원,09/06/22,25.9,17.2,0.1,75.0,5.4
119,수원,10/06/22,27.3,16.5,1.3,74.1,6.1
119,수원,11/06/22,31.6,16.4,0.0,54.3,12.1
119,수원,12/06/22,29.7,19.4,,60.5,9.4
119,수원,13/06/22,29.9,19.9,,51.1,11.1
119,수원,14/06/22,26.1,17.4,0.5,50.9,6.3
119,수원,15/06/22,21.4,14.9,52.7,90.8,0.1
119,수원,16/06/22,25.0,17.1,0.1,75.9,5.3
119,수원,17/06/22,26.1,15.6,,75.6,1.2
119,수원,18/06/22,26.3,21.5,,78.3,1.8
119,수원,19/06/22,25.7,21.6,0.0,78.6,0.2
119,수원,20/06/22,30.3,20.9,,72.9,4.3
119,수원,21/06/22,31.4,19.5,,73.6,12.4
119,수원,22/06/22,30.1,20.8,,73.4,5.9
119,수원,23/06/22,28.8,21.2,65.0,88.1,0.0
119,수원,24/06/22,26.4,19.7,15.4,78.3,5.4
119,수원,25/06/22,31.7,21.5,,66.6,8.0
119,수원,26/06/22,29.6,24.7,,61.8,0.7
119,수원,27/06/22,29.8,25.1,3.4,60.3,0.1
119,수원,28/06/22,29.8,27.7,0.0,53.4,1.0
119,수원,29/06/22,28.0,24.3,45.2,76.4,0.1
119,수원,30/06/22,27.4,21.4,285.0,92.9,0.1
119,수원,01/07/22,31.4,23.4,5.4,79.3,10.9
119,수원,02/07/22,33.7,23.3,,68.8,12.6
119,수원,03/07/22,34.3,22.9,,60.0,11.9
119,수원,04/07/22,32.6,25.2,,67.4,7.5
119,수원,05/07/22,32.8,24.7,0.0,77.6,6.2
119,수원,06/07/22,,,23.5,75.9,5.3
119,수원,07/07/22,32.1,25.9,0.0,79.6,2.3
119,수원,08/07/22,,,0.2,82.6,5.0
119,수원,09/07/22,,,0.0,83.8,3.9
119,수원,10/07/22,34.8,23.2,0.0,71.5,9.3
119,수원,11/07/22,,,0.7,79.9,2.9
119,수원,12/07/22,,,,73.0,2.4
119,수원,13/07/22,,,139.1,96.3,0.0
119,수원,14/07/22,29.0,22.6,0.8,90.4,3.9
119,수원,15/07/22,29.9,21.9,,81.9,11.0
